modelo,marca_carro,placa,color,gender,year,kilometraje,rentado,motor,precio,cedula_cliente,fecha
Dakota Club,Dodge,ZHWGU6AU0CL273232,Red,Genderfluid,2001,111304,si,V6,49587.51,57779355,5/22/2024
RDX,Acura,4T1BD1FK7EU999904,Puce,Male,2007,195013,si,V12,28438.13,84059283,7/14/2024
Sonata,Hyundai,2C3CCABG1EH039921,Purple,Male,2009,16819,si,Inline-6,33970.83,28995947,8/22/2024
Ram 3500 Club,Dodge,2G4GT5GR7D9195447,Puce,Male,1997,633,no,V12,14930.36,48106808,6/18/2024
Tredia,Mitsubishi,KL4CJASB1EB911202,Aquamarine,Female,1988,29813,no,V8,24547.29,88567632,10/12/2024
Range Rover Sport,Land Rover,WBAYF8C5XFD630372,Yellow,Male,2009,173354,no,Inline-6,16613.18,97674907,6/8/2024
Grand Caravan,Dodge,1FTEX1C86AF161165,Yellow,Male,1997,69876,si,V6,17791.79,14437303,9/19/2024
Cultus,Suzuki,WA1VFAFL4DA976966,Fuscia,Female,1985,3147,no,V12,36962.86,9263873,6/7/2024
Prius,Toyota,WBAVA33557F874733,Violet,Male,2009,39533,no,V8,38280.82,27822694,7/22/2024
Allroad,Audi,1FTEX1C87AF618596,Maroon,Female,2005,1983,si,V8,20686.38,51089063,8/8/2024
F150,Ford,NM0KS9BN1AT218946,Pink,Male,1996,94025,si,V12,7419.19,84542619,4/23/2024
Altima,Nissan,5N1AN0NW6FN178456,Blue,Female,2006,86072,si,Inline-6,20136.02,71694248,12/1/2023
Beretta,Chevrolet,YV4852CZ8A1240304,Yellow,Female,1993,180569,si,V12,15016.78,28400329,1/13/2024
Sedona,Kia,WBA3A5C51DJ718166,Indigo,Female,2011,127617,si,V8,37243.96,44300832,10/15/2024
GL-Class,Mercedes-Benz,JM1DE1KYXE0561454,Green,Female,2009,83794,no,V8,8760.58,73109839,4/6/2024
Windstar,Ford,WA1LKBFPXAA963307,Yellow,Male,2004,6540,no,Inline-4,31073.38,95543438,9/16/2024
Pathfinder,Nissan,SCFEDCAD5AG942116,Aquamarine,Male,2009,80738,no,V8,17111.76,72356479,1/16/2024
DB9,Aston Martin,1C4RDJDG5DC488410,Puce,Female,2011,134565,si,Inline-4,11608.85,52746422,3/23/2024
Ranger,Ford,WVWED7AJ8BW940086,Fuscia,Polygender,2006,150209,no,V8,8291.42,38644471,11/21/2023
4Runner,Toyota,WBSCL93461L388240,Violet,Female,1995,38624,no,Inline-4,30356.09,20829030,3/13/2024
Matrix,Toyota,5NPEB4AC4BH527772,Fuscia,Female,2012,181962,no,Inline-6,7384.28,27340096,11/10/2024
RSX,Acura,3VW1K7AJXDM742419,Turquoise,Bigender,2006,73525,no,Inline-6,31424.89,55075089,9/1/2024
Grand Vitara,Suzuki,5N1AZ2MHXFN939881,Teal,Female,1999,120425,si,V12,47023.17,81425486,12/19/2023
Prizm,Chevrolet,5UXWY3C51F0945929,Teal,Female,1998,155596,no,V12,5007.09,69668903,7/14/2024
XC70,Volvo,5GAKRAKD8EJ835917,Yellow,Genderfluid,2010,52367,si,V12,34012.62,27314282,12/17/2023
Exige,Lotus,WAUFGBFC4DN217432,Yellow,Female,2005,165762,si,Inline-6,29878.04,20845876,5/5/2024
Laser,Plymouth,SCBLC47J37C140792,Turquoise,Female,1990,51229,si,Inline-4,11480.98,35469139,2/24/2024
Landaulet,Maybach,WAUEH78E16A188163,Violet,Female,2011,161968,si,Inline-4,46316.49,31620966,10/28/2024
Jetta,Volkswagen,2T1KE4EE0DC771432,Maroon,Female,1998,5513,no,V8,45641.38,82411263,6/18/2024
Taurus,Ford,1G6DH577090302950,Khaki,Female,2001,143712,no,V12,45711.29,29474948,5/14/2024
LS,Lexus,1C4NJCBAXED673341,Yellow,Male,1996,19800,si,Inline-6,20457.29,90395380,5/17/2024
V70,Volvo,2G4WB55K321398870,Violet,Polygender,1999,72211,si,Inline-6,5376.78,82377259,8/22/2024
Gran Sport,Maserati,WBAWV13547P015138,Puce,Female,2005,121386,si,Inline-6,22080.94,57418745,6/6/2024
3 Series,BMW,1D4PU4GK0AW850049,Teal,Female,2010,47227,no,Inline-4,15965.94,13426577,4/24/2024
Trans Sport,Pontiac,JN1CV6EK1EM089639,Blue,Female,1992,157643,si,V8,10174.97,48526561,12/5/2023
GTI,Volkswagen,WBANA53545B322608,Crimson,Female,1988,141699,no,Inline-4,22989.32,95481575,2/19/2024
CL-Class,Mercedes-Benz,1N6AA0ED3FN877538,Khaki,Genderfluid,2012,11208,si,Inline-4,19190.08,27384532,4/26/2024
Commander,Jeep,WAUDL94F65N975878,Maroon,Female,2008,74660,no,V6,35960.66,87859368,5/20/2024
200SX,Nissan,5YMKW8C50F0391406,Red,Male,1997,199062,si,V8,28626.78,26964103,8/9/2024
FX,Infiniti,WBADS334X2G085805,Puce,Male,2007,47572,si,V12,39504.46,44442433,8/28/2024
RX-8,Mazda,5NPDH4AE2EH478037,Orange,Female,2006,30671,si,V8,39914.97,9651720,4/8/2024
Sebring,Chrysler,WAUBFAFL7DA182002,Fuscia,Male,2006,48170,si,V8,20688.17,60124940,7/26/2024
600SEL,Mercedes-Benz,1C4RDHEG5CC522724,Pink,Male,1993,16616,no,V12,7045.64,94379274,1/5/2024
62,Maybach,1G4HP52K44U392386,Fuscia,Female,2006,141983,si,Inline-6,39285.49,66717578,1/16/2024
Cabriolet,Audi,KMHHT6KD9DU404857,Green,Male,1994,38379,no,Inline-4,5861.33,24916867,12/5/2023
Tahoe,Chevrolet,WAUBFAFLXEN908350,Pink,Female,2002,64101,no,Inline-4,24401.09,54160341,6/3/2024
Rodeo,Isuzu,1FTEW1CW6AF130810,Khaki,Female,1996,188700,si,V8,25900.49,42217964,12/6/2023
S-Series,Saturn,KMHEC4A48EA906562,Yellow,Female,1996,105905,si,Inline-6,22947.86,4812150,12/18/2023
Safari,GMC,JTHBK1GGXD1307590,Red,Bigender,2000,49528,no,Inline-4,40078.59,42338198,7/31/2024
Transit Connect,Ford,JA4AS3AW3DU446106,Goldenrod,Male,2012,165082,no,V6,25443.2,59627705,1/21/2024
Tahoe,Chevrolet,JN1CV6FE2BM401696,Aquamarine,Female,1998,93580,no,V12,15233.76,62048344,3/10/2024
FX,Infiniti,WA1CFAFP3BA357444,Orange,Male,2005,191735,si,V6,14820.53,85812085,8/21/2024
Fiesta,Ford,1FTSW2A55AE667452,Green,Male,2001,97170,no,V6,13433.59,51819959,3/1/2024
Forester,Subaru,1D7RB1CT5BS254510,Aquamarine,Female,2007,113755,no,V6,43049.71,77223825,2/6/2024
Charger,Dodge,1NXBU4EE8AZ394930,Orange,Male,2007,35021,si,V6,26070.56,71290492,6/5/2024
B9 Tribeca,Subaru,1FTNX2A5XAE143725,Maroon,Female,2007,173693,no,V6,35324.5,83734692,3/12/2024
Grand Am,Pontiac,WBAUN7C58BV765852,Violet,Female,1988,86876,si,V12,19214.74,14896454,11/19/2023
Impreza,Subaru,JM1DE1HY7B0377298,Maroon,Male,1998,99825,no,Inline-4,37669.71,25071470,2/8/2024
Discovery,Land Rover,1G4GJ5E32CF005144,Violet,Genderqueer,1998,75028,no,Inline-6,14109.85,66111135,1/10/2024
Focus,Ford,1GYS3GEF5DR038289,Khaki,Male,2006,172854,no,Inline-4,22105.27,18173334,11/24/2023
Vandura 1500,GMC,WAULF78KX9N450357,Yellow,Female,1994,75371,si,Inline-6,33923.16,75568170,3/31/2024
Explorer,Ford,1N6AF0LY5FN919134,Green,Female,2000,112070,no,V8,37565.26,69187007,6/17/2024
Grand Prix,Pontiac,WAU4GBFBXBN911408,Green,Female,1988,25123,si,Inline-6,28557.87,89662586,3/24/2024
Ram 1500,Dodge,3VWF17ATXFM845093,Yellow,Female,2010,100238,no,Inline-4,17466.84,39076489,5/13/2024
Ion,Saturn,WAUVT58E12A853043,Violet,Female,2003,122819,no,V12,14691.65,69615707,3/7/2024
Excel,Mitsubishi,1N6AD0CU6FN085913,Pink,Male,1989,104523,no,V12,23904.46,53617433,12/3/2023
F430 Spider,Ferrari,1GD01XEG0FZ404380,Indigo,Male,2006,134403,si,V6,26752.12,63089879,9/27/2024
V12 Vantage,Aston Martin,1FTMF1CW2AK086243,Red,Female,2012,191232,si,Inline-4,8630.4,255370,1/22/2024
E150,Ford,WAUAFAFLXEA720219,Indigo,Male,2007,98620,no,Inline-4,11718.95,38967601,12/20/2023
Suburban 1500,Chevrolet,1N4AB7AP5DN699627,Puce,Non-binary,1997,104287,no,Inline-6,28948.96,32962054,8/31/2024
LX,Lexus,JTHDL5EFXF5190984,Aquamarine,Female,2005,32170,no,Inline-6,27762.24,56281484,8/1/2024
Escalade,Cadillac,WAUAVAFD2BN193745,Indigo,Male,2008,76122,si,Inline-6,21124.77,92148370,3/19/2024
RX Hybrid,Lexus,5N1AN0NU1CC833774,Purple,Female,2010,90546,si,V6,7131.43,35142374,10/27/2024
Mark LT,Lincoln,KMHTC6AD1EU484877,Puce,Male,2006,15152,si,V12,48213.98,9083613,6/26/2024
SX4,Suzuki,JTDBT4K32B4832336,Purple,Female,2007,99265,no,Inline-4,26810.73,17905395,9/24/2024
Highlander,Toyota,2G4GS5EV4D9333562,Red,Female,2003,93584,no,V12,42904.53,29643703,10/10/2024
Swift,Suzuki,1D7RB1CT9BS761460,Fuscia,Female,1987,184817,si,V6,35795.75,65448789,5/5/2024
Corvette,Chevrolet,WAULC68E24A894958,Orange,Female,1967,195940,si,V12,16306.82,8080806,11/4/2024
Capri,Mercury,WBABN53401J556050,Goldenrod,Female,1991,96278,si,V8,45368.92,75738868,9/9/2024
430,Maserati,WAUPFBFMXBA492730,Purple,Male,1990,39366,no,V8,44425.89,71909447,3/18/2024
E-Series,Ford,5N1AA0NC0CN317350,Teal,Female,2011,79914,si,V8,45269.12,85498183,12/1/2023
Aspen,Chrysler,KNADM5A39F6505419,Puce,Male,2007,118874,si,V12,32589.95,43756427,5/13/2024
Golf,Volkswagen,WAU3GAFD1FN719677,Fuscia,Female,1976,148111,no,V12,12571.14,77147042,7/18/2024
SLK-Class,Mercedes-Benz,1FMHK7B83BG650419,Teal,Female,2006,33798,no,V8,9492.13,51776679,4/22/2024
Maxima,Nissan,WA1C8AFP7EA236639,Red,Male,1997,193959,no,Inline-4,15828.57,99209378,3/24/2024
Paseo,Toyota,WAUPL68E35A600311,Indigo,Male,1996,100202,no,Inline-4,44257.19,17193798,4/22/2024
Yukon,GMC,1D4PT4GK7BW892285,Purple,Male,1995,23918,no,V8,30511.86,2918232,7/26/2024
Pathfinder,Nissan,WAUAGAFD6DN477148,Yellow,Genderqueer,1993,183987,no,V6,12325.59,1846286,3/9/2024
Ram 2500,Dodge,WBANE53556B474872,Khaki,Female,1995,146525,no,Inline-4,36556.61,10321204,7/19/2024
LeSabre,Buick,WBALM7C53DE619246,Violet,Male,1993,47345,si,V12,31038.9,43298264,3/28/2024
Diablo,Lamborghini,WAUVFAFH9CN180686,Fuscia,Male,1996,53590,no,Inline-6,10944.82,46492657,3/27/2024
Avenger,Dodge,WBAUL7C53DV071658,Mauv,Female,1998,163937,si,V8,49945.26,85484325,1/3/2024
911,Porsche,1N4AL2AP4AC552772,Purple,Male,1995,43666,si,V6,25852.74,20075070,1/29/2024
F-Series,Ford,WBAUP735X8V903832,Turquoise,Male,1996,138985,no,V6,49110.59,99317571,7/4/2024
M6,BMW,1G6DH8E5XD0060843,Fuscia,Female,2006,2153,si,V6,27256.35,10930082,6/2/2024
Sunbird,Pontiac,JTDZN3EU7E3368252,Crimson,Male,1986,120638,si,V8,6715.63,25515539,5/20/2024
Avalon,Toyota,JH4CU2E88DC356324,Indigo,Male,1996,48431,no,V6,11192.63,65788248,3/14/2024
Caravan,Dodge,2FMDK4JC4AB405654,Green,Male,1998,125267,si,V12,30173.38,66035340,4/29/2024
Venture,Chevrolet,1C3CCBAB0DN647981,Green,Male,1998,78084,no,Inline-6,14901.61,47479007,3/12/2024
Swift,Suzuki,5BZAF0AA7FN412356,Green,Female,2004,88683,si,Inline-4,43214.37,55556881,9/23/2024
Spectra,Kia,JM3KE2BE3E0892130,Mauv,Female,2003,190856,si,V8,16213.66,19033807,10/28/2024
TT,Audi,3GYFNGE3XFS330229,Violet,Male,2011,136419,si,Inline-4,44451.14,62463104,1/10/2024
Escape,Ford,1C6RD7JT4CS049716,Fuscia,Female,2006,125766,si,V8,32490.53,42008285,4/28/2024
1500 Club Coupe,GMC,5GAKVAED7BJ596430,Puce,Female,1992,61204,no,Inline-4,39718.32,1258319,12/2/2023
TT,Audi,WAUDGBFL7CA798003,Pink,Male,2006,58548,no,V12,25356.21,39930071,12/12/2023
F150,Ford,WA1AV94L39D542594,Maroon,Female,2006,39192,no,Inline-4,28620.63,98559838,12/18/2023
Z4,BMW,1YVHZ8BH7C5800046,Indigo,Male,2012,184683,si,V12,14438.28,53227556,11/12/2024
S4,Audi,1D4PT5GK4AW564553,Mauv,Female,2013,34293,si,Inline-4,35955.4,25537149,11/26/2023
Santa Fe,Hyundai,WAUML44D52N617748,Purple,Male,2010,46676,si,V6,49078.46,55367141,11/30/2023
G-Series G20,Chevrolet,3C4PDCAB6FT049106,Khaki,Female,1995,123701,no,V8,11419.75,77011425,8/19/2024
A6,Audi,WA1LMBFE9DD239166,Aquamarine,Male,1995,99100,no,V12,12667.99,61594064,8/9/2024
Navigator,Lincoln,1N6AA0CC3EN377744,Crimson,Female,1999,97824,si,V12,24933.14,80429362,10/5/2024
xB,Scion,5UXWX7C55EL929000,Purple,Male,2010,110293,si,Inline-6,24428.88,9754388,7/15/2024
Journey,Dodge,2HNYD28298H046128,Teal,Male,2011,147521,si,V6,14062.35,83773481,7/31/2024
Thunderbird,Ford,1G6DX67D480688236,Maroon,Female,1977,180935,no,V8,49929.09,2678957,12/17/2023
4Runner,Toyota,3C6TD5KT5CG672505,Aquamarine,Male,2009,3113,no,V12,18383.02,12222883,1/19/2024
Town Car,Lincoln,1D7RE3BK1AS475869,Indigo,Male,2000,29646,no,V12,5135.7,86368664,2/7/2024
MX-3,Mazda,1FTEW1CM6DK938195,Pink,Female,1992,119114,si,V12,26132.38,37243379,10/20/2024
CLK-Class,Mercedes-Benz,WBA3C3C58FP819977,Purple,Polygender,2004,37408,si,V12,36945.47,64123652,5/21/2024
Civic,Honda,JN8AZ1MU2DW919101,Puce,Female,1990,197250,no,Inline-4,24767.8,99077272,10/14/2024
Celica,Toyota,WBA4A5C53FD786684,Orange,Male,1996,83099,si,V12,12213.32,23475894,2/11/2024
Marauder,Mercury,WA1YL54B04N808046,Violet,Female,2004,125320,no,Inline-4,8202.75,57183715,6/13/2024
Scoupe,Hyundai,1N6AF0KY0FN722518,Teal,Female,1994,51182,no,Inline-4,35245.84,66469668,7/2/2024
Continental GT,Bentley,NM0KS9BN2AT522058,Goldenrod,Female,2009,45002,no,V6,23516.48,86697322,10/8/2024
Taurus,Ford,5N1BA0ND2FN907079,Orange,Female,1999,153088,no,Inline-6,25963.76,63168898,2/19/2024
Legend,Acura,YV126MFD2F2052262,Indigo,Male,1993,167778,si,V12,22017.86,92447698,4/12/2024
Excel,Hyundai,WVGEP9BP5FD478220,Violet,Male,1992,74460,no,V6,40116.55,93340659,5/28/2024
Titan,Nissan,1G6DH8E54C0344872,Pink,Male,2011,151732,si,V8,44908.52,70561280,8/10/2024
911,Porsche,JH4CU2F42DC020311,Blue,Male,1986,181778,no,V6,14149.92,31055713,5/28/2024
B-Series,Mazda,JN1CV6EK7CM384032,Violet,Male,1994,84073,no,V8,38908.24,52459982,5/1/2024
Arnage,Bentley,WBA3D5C53FK220877,Red,Male,2008,198827,si,Inline-4,19894.66,22622229,11/28/2023
Ghost,Rolls-Royce,5TDBK3EHXDS665915,Teal,Female,2010,123186,si,Inline-4,20146.44,12399132,8/27/2024
Colt,Plymouth,5N1BA0ND4FN754933,Fuscia,Male,1993,92831,no,Inline-6,20936.83,99161673,12/3/2023
New Yorker,Chrysler,JH4CL96965C104091,Fuscia,Male,1995,162140,no,Inline-4,16158.02,21011450,11/17/2023
Ram 1500,Dodge,5UXFE435X8L961448,Purple,Female,1994,105439,no,V8,34683.65,41052463,10/18/2024
Intrepid,Dodge,3C6JD7DP7CG665669,Green,Male,2003,74287,no,V12,38237.98,65528501,8/9/2024
CX-7,Mazda,1GYFC56229R950211,Khaki,Female,2011,39866,si,V12,18728.76,58225019,11/24/2023
Fusion,Ford,WAUKFAFL6CN346024,Turquoise,Male,2012,162813,si,V12,13548.52,16645761,3/2/2024
Daewoo Lacetti,Suzuki,JTEBU4BF1DK300612,Maroon,Genderfluid,2008,196212,no,V12,45331.23,30773136,10/4/2024
Cabriolet,Audi,YV1940AS4B1235634,Green,Male,1994,11308,si,Inline-6,39689.14,40877836,12/17/2023
G6,Pontiac,3C63DPGL6CG550112,Blue,Male,2005,52208,si,V6,19646.8,95977387,7/11/2024
Seville,Cadillac,1N4AL2AP1CN851675,Puce,Female,1996,33320,no,V6,26381.24,5271463,7/9/2024
Colt,Dodge,WBABD334X4P394193,Blue,Female,1992,151128,si,V8,13735.01,77589923,7/5/2024
Firebird,Pontiac,5UXFA93536L410090,Blue,Non-binary,1984,52378,no,Inline-6,49144.23,63573898,10/27/2024
XLR-V,Cadillac,1GD12YEGXFF301430,Purple,Female,2008,59295,si,V6,13188.89,87661137,7/24/2024
Sebring,Chrysler,SCBCR73W18C900737,Teal,Male,1999,195025,si,Inline-6,47949.54,18157544,8/10/2024
Range Rover Sport,Land Rover,TRURD38J491062749,Indigo,Female,2010,117555,si,V6,43883.82,28074733,4/10/2024
Mountaineer,Mercury,WA1MYBFE7AD649078,Pink,Genderqueer,2002,155853,si,V6,46027.75,17481530,7/4/2024
Ram 2500 Club,Dodge,4USBT33454L230731,Blue,Female,1997,133235,no,Inline-4,31990.32,76722838,11/21/2023
CLS-Class,Mercedes-Benz,SCBZB25E72C364843,Violet,Male,2011,139919,no,Inline-6,11669.09,87729680,12/15/2023
Prelude,Honda,JN1AJ0HP4BM482442,Turquoise,Genderfluid,2000,69900,si,Inline-6,37993.29,80605520,5/18/2024
S-Class,Mercedes-Benz,WAUAF78E28A769288,Aquamarine,Female,1999,134285,no,V6,24705.57,75423797,10/9/2024
Trooper,Isuzu,WAUGL78E36A410578,Maroon,Male,2001,21814,si,V8,27902.85,61886603,5/29/2024
Rabbit,Volkswagen,1C6RD6FK3CS933933,Fuscia,Female,2008,190596,si,V12,30505.34,1236702,7/25/2024
Spirit,Dodge,WAUDH94F98N432109,Turquoise,Male,1992,178646,si,V6,38806.2,24059448,10/29/2024
Accent,Hyundai,YV4902NC8F1821496,Blue,Male,2008,74109,no,V8,45560.8,53419636,1/6/2024
Suburban 1500,Chevrolet,WA1UFAFL2FA084939,Teal,Female,2002,172591,si,V8,12262.13,9203705,1/1/2024
Regal,Buick,5N1CR2MM7EC214870,Fuscia,Male,1998,42844,si,V6,30527.91,8441851,1/7/2024
Lanos,Daewoo,JH4CU2F65CC522780,Aquamarine,Male,2002,77632,no,V12,27387.64,75012546,5/21/2024
B-Series,Mazda,WAUWFAFH5AN078688,Aquamarine,Male,1995,193866,si,V6,16465.51,58424781,4/26/2024
S60,Volvo,1FTKR1AD7AP748952,Yellow,Female,2008,197541,no,V8,49905.04,70424030,8/19/2024
Blazer,Chevrolet,1GYS3CEF4ER450035,Crimson,Female,1992,48750,si,V8,26556.72,15728930,2/14/2024
Viper RT/10,Dodge,TRUTC28N561443222,Mauv,Male,1993,45604,no,V6,7649.66,49979868,12/22/2023
Monte Carlo,Chevrolet,1GD11ZCG5DF847870,Fuscia,Female,2000,31011,no,V6,29434.5,76311325,7/11/2024
Celica,Toyota,2FMGK5DC3AB338768,Puce,Female,1983,111699,no,V12,25163.74,42741872,2/10/2024
LS,Lexus,3VW467AT2DM242967,Fuscia,Male,1998,30587,no,V6,44539.14,25864453,12/9/2023
Econoline E150,Ford,3C6TD5PT1CG891146,Goldenrod,Male,1996,15643,si,Inline-4,42819.07,96907188,11/11/2024
Rio5,Kia,1G6KF57972U793224,Crimson,Male,2008,120776,no,V6,43307.87,18156746,3/16/2024
Tundra,Toyota,1C3CDFEB3ED905139,Indigo,Male,2009,81867,si,Inline-4,49626.96,782701,11/26/2023
S4,Audi,WBA3N7C54FK479581,Crimson,Male,2007,144475,no,V8,6673.13,61004028,2/13/2024
S2000,Honda,KNAFX5A88F5192865,Violet,Female,2003,158789,no,V8,9354.62,90678348,5/20/2024
Leganza,Daewoo,KM8JT3AF8FU058239,Pink,Male,2000,45288,si,Inline-4,27774.42,58784013,10/2/2024
Brat,Subaru,KNADM4A30D6558288,Orange,Female,1984,7862,si,V8,44384.77,8896313,12/9/2023
Cabriolet,Volkswagen,YV1672MC6DJ442359,Mauv,Male,1987,156259,no,V8,17357.68,70154131,6/2/2024
RL,Acura,WAUUL68E55A477064,Maroon,Female,2001,141879,si,Inline-4,29518.81,23353842,11/20/2023
E-Series,Ford,19UUA66255A590130,Violet,Female,2010,134399,si,Inline-4,33650.78,40144005,1/6/2024
Quattroporte,Maserati,1G4GE5E39CF638132,Yellow,Male,2010,47061,si,V8,23552.03,45469035,5/26/2024
Biturbo,Maserati,JH4CU2F65EC824976,Violet,Male,1986,95060,si,Inline-6,26671.57,29148988,12/12/2023
Tribeca,Subaru,1FMJK1HT7FE763186,Crimson,Female,2012,99780,no,Inline-4,14392.0,59958279,3/8/2024
7 Series,BMW,5NPDH4AE4BH601445,Mauv,Male,1995,154447,si,V6,42549.77,68077054,8/20/2024
C-MAX Hybrid,Ford,1GKS1HE01CR877520,Violet,Female,2013,177534,no,V12,20102.65,80014842,7/19/2024
Alero,Oldsmobile,WAUSF98K09N967691,Crimson,Male,2000,88566,no,V6,16525.49,31248937,12/13/2023
Accord,Honda,WAU3FAFR0DA082946,Orange,Male,2012,198296,si,Inline-4,44958.78,97062058,10/13/2024
Jetta,Volkswagen,WA1LFBFP8CA497870,Indigo,Female,2000,26186,no,V6,22609.06,44596783,4/6/2024
S-Type,Jaguar,JH4CU2F68DC334515,Yellow,Female,2002,155045,no,Inline-4,27471.16,82313435,6/4/2024
Impala,Chevrolet,JN8AF5MR2DT739405,Puce,Female,2009,184685,no,V12,40335.69,34192700,1/16/2024
7 Series,BMW,1G6KH5EY4AU193781,Fuscia,Genderfluid,2000,171004,no,V6,14054.96,71884277,12/12/2023
Park Avenue,Buick,1FT7W2A67EE111115,Purple,Male,2001,180962,si,V12,33596.77,64907336,8/15/2024
GS,Lexus,3MZBM1K76FM470453,Khaki,Male,2000,6537,no,Inline-6,30926.65,16279776,4/23/2024
S60,Volvo,5N1AN0NU6EN026187,Khaki,Male,2004,91133,no,V8,8484.12,28149139,2/23/2024
RX Hybrid,Lexus,19UUA655X4A080950,Yellow,Male,2008,106706,si,V6,7679.96,83797598,1/10/2024
Montero Sport,Mitsubishi,WA1TFAFLXEA287085,Pink,Female,2002,22678,no,V6,31996.73,67237625,10/13/2024
V8 Vantage,Aston Martin,YV4612HM6F1585905,Turquoise,Female,2012,58001,si,V6,15666.94,98711984,8/11/2024
Grand Voyager,Plymouth,1C4AJWAG4DL437715,Violet,Female,1992,60864,no,Inline-4,10454.75,69228246,10/21/2024
V8 Vantage,Aston Martin,WAUJC68E85A107438,Aquamarine,Female,2010,160991,no,Inline-4,15667.71,79746734,3/22/2024
Skylark,Buick,1G6DM1E35C0448370,Aquamarine,Agender,1986,4510,si,V6,22790.63,37038923,1/22/2024
Tercel,Toyota,WBASN2C57DC062462,Fuscia,Female,1992,183947,si,Inline-6,38627.52,35734360,5/15/2024
M5,BMW,WAUDGAFL4AA496823,Red,Female,2010,141247,no,Inline-4,7668.72,15444124,12/20/2023
HED-5,Hyundai,JTHBK1GG4E2855905,Purple,Male,2012,169356,no,V12,28859.69,80596339,7/9/2024
Dakota,Dodge,1FTEW1CM2BK122727,Fuscia,Female,1992,3877,no,Inline-6,26660.2,99175294,7/28/2024
Paseo,Toyota,WBA3D5C58FK603570,Blue,Female,1997,96731,no,Inline-4,41122.76,97040438,5/19/2024
Colorado,Chevrolet,1C3CCBBB5EN798685,Teal,Genderfluid,2007,101141,si,Inline-4,45043.73,47850788,2/11/2024
W201,Mercedes-Benz,1C3CDZCB7CN786572,Fuscia,Male,1984,171029,no,V6,19491.75,36480513,8/21/2024
Frontier,Nissan,1FTEW1CM4CK188567,Purple,Female,2010,143058,no,Inline-4,46345.51,68580433,9/12/2024
Yaris,Toyota,1FTWW3CY1AE693318,Crimson,Male,2008,28019,no,V6,34531.24,34459886,1/15/2024
Montego,Mercury,1N6BF0KMXFN370632,Aquamarine,Female,2006,77193,si,V8,34919.86,24863031,4/29/2024
Savana 2500,GMC,5XYZG3AB0BG544547,Mauv,Male,2006,125118,si,Inline-4,24964.14,80725885,11/13/2023
Corvette,Chevrolet,1GYS3BKJ2FR898486,Yellow,Female,1964,18415,no,V6,38693.48,21632278,2/24/2024
F150,Ford,SAJWA0F70F8328235,Maroon,Female,2009,105649,no,V6,11269.25,56468355,3/28/2024
Fit,Honda,1G6KF54962U618807,Indigo,Male,2012,8253,si,V12,49913.52,36158505,4/22/2024
1500,Ram,WBAUP73548V352037,Green,Genderqueer,2011,172046,no,V8,37433.73,26370858,8/16/2024
XLR,Cadillac,1G4GL5G3XDF727888,Violet,Female,2008,167727,si,Inline-6,24556.77,38020095,10/24/2024
GS,Lexus,1GT010CG0CF113180,Teal,Male,2007,137022,si,V8,27914.21,14751973,10/11/2024
Diablo,Lamborghini,1G4GA5EC9AF942229,Goldenrod,Male,2001,86423,no,V6,26393.23,3301352,1/19/2024
F350,Ford,WAUWMAFCXFN926145,Teal,Female,2009,193403,si,V8,47498.53,73732121,10/25/2024
Firebird,Pontiac,JN8AF5MR0DT633552,Green,Female,1997,148273,no,Inline-6,44311.04,61536828,1/29/2024
Club Wagon,Ford,KMHEC4A48DA151105,Goldenrod,Male,1997,108414,si,Inline-4,44909.98,36827493,6/12/2024
Legacy,Subaru,WAUFFAFL0EA995796,Pink,Male,2003,20485,no,V12,32393.65,75106806,2/8/2024
i-290,Isuzu,1FTEW1C88AF962957,Puce,Male,2007,60222,no,Inline-4,46833.06,48748818,2/15/2024
Prowler,Plymouth,5UXFB93522L191419,Puce,Female,1999,115383,si,Inline-4,9821.21,38765314,10/16/2024
F150,Ford,JTDJTUD36DD409920,Crimson,Male,1997,80408,si,V6,35115.03,72412967,11/14/2023
Equinox,Chevrolet,YV1952AS9E1731266,Teal,Female,2012,41825,no,V8,19485.98,73277077,5/24/2024
C70,Volvo,JTDKDTB36E1194752,Indigo,Female,2001,127165,no,V6,30745.95,41552616,2/9/2024
Sentra,Nissan,WVGEG9BP3CD413815,Indigo,Female,2000,127305,si,V12,20339.82,59337297,12/18/2023
Ranger,Ford,WBA3C1C54CA951587,Violet,Female,2001,9823,no,V8,7531.06,44790154,9/12/2024
PT Cruiser,Chrysler,1FA6P0G78E5401773,Khaki,Female,2004,50467,si,Inline-6,26045.51,50293070,3/4/2024
Vibe,Pontiac,KMHTC6AD0EU627317,Green,Male,2004,92265,no,V8,26401.87,35976659,9/28/2024
S2000,Honda,2HNYD28288H031099,Fuscia,Male,2009,49922,si,V8,7918.29,33000149,12/5/2023
Sunbird,Pontiac,1GYS4PKJ0FR803675,Mauv,Female,1983,103280,si,V12,5792.94,63051132,2/26/2024
Silverado 1500,Chevrolet,3C63D2GL3CG706707,Purple,Female,2000,189871,no,V12,29016.1,83098187,10/17/2024
Prelude,Honda,1N4AB7AP5DN023873,Yellow,Female,2001,73912,no,V6,17989.95,45491815,4/30/2024
Genesis Coupe,Hyundai,YV1852AR3A1122337,Teal,Male,2010,152723,no,V8,26922.23,30857034,11/26/2023
Suburban 1500,Chevrolet,1G6DH5EY2B0829972,Green,Agender,2001,183502,si,Inline-4,31332.61,81457337,12/27/2023
Quattroporte,Maserati,WAUFFAFL7FA293282,Indigo,Female,2012,86078,no,Inline-4,35354.27,97017351,11/9/2024
Grand Am,Pontiac,WAUWFAFLXBA196796,Turquoise,Female,1997,131743,si,Inline-6,33992.05,49480041,10/8/2024
Camry,Toyota,JM1NC2LF4E0084842,Blue,Female,1993,180655,no,V12,10859.55,6243754,9/8/2024
CL,Acura,5N1BA0NE8FN155610,Goldenrod,Male,2001,161598,no,V8,38422.19,34145137,7/11/2024
X5,BMW,WA1CFAFP8DA539966,Yellow,Female,2007,188418,si,V12,15995.46,16380911,6/17/2024
Expedition,Ford,3GYFNJE67BS233216,Goldenrod,Female,1998,174758,no,Inline-6,38242.71,42697893,7/14/2024
Scirocco,Volkswagen,SAJWA2GT5EM908691,Blue,Female,1988,47138,si,V12,10621.75,92973335,6/5/2024
Fusion,Ford,WBA4C9C58FG259224,Khaki,Male,2009,197401,si,Inline-4,14936.72,36993546,12/27/2023
Z4,BMW,5N1AN0NW8EN263684,Crimson,Male,2012,89536,no,V12,42027.03,63251011,1/26/2024
Grand Cherokee,Jeep,SCFFDCCD6BG643690,Orange,Female,2011,189094,si,Inline-6,24863.27,60692352,9/23/2024
Starion,Mitsubishi,KNDMA5C13F6412192,Indigo,Male,1987,157367,si,V8,7609.92,71816603,2/16/2024
Legacy,Subaru,WBA3A5G54CN132059,Pink,Male,2007,182740,no,Inline-6,25171.62,44874497,4/1/2024
Grand Prix,Pontiac,5N1AA0ND3FN559482,Aquamarine,Male,1972,47875,no,V12,48058.17,53599774,5/5/2024
GX,Lexus,2T1KE4EE9AC182858,Puce,Female,2003,91071,no,Inline-4,24435.42,58140914,9/7/2024
i-Series,Isuzu,JH4DB76511S892416,Green,Male,2007,178837,no,V8,36312.5,37664778,3/3/2024
Somerset,Buick,WAUMGBFL0BA808191,Puce,Female,1985,88681,si,V6,32543.09,21829067,7/31/2024
Grand Prix,Pontiac,WBALL5C52CE428133,Yellow,Female,1998,155320,si,Inline-4,19452.31,56876137,4/10/2024
Fusion,Ford,WAUKF68E25A469387,Purple,Male,2006,14222,si,V6,17027.66,33611822,4/25/2024
Laser,Ford,3VW4S7AT1EM907306,Pink,Female,1989,34158,si,V6,20595.14,68042210,3/16/2024
Pilot,Honda,1FTMF1EW3AK848220,Purple,Male,2012,105625,no,V8,36160.9,85668449,11/14/2023
Fleetwood,Cadillac,SAJWA0FS1FP343661,Teal,Female,1954,77017,si,V6,26555.28,57241456,5/14/2024
Prizm,Geo,1G6YV34A755762974,Pink,Female,1994,72680,no,V8,39818.86,70844635,4/7/2024
Mazda3,Mazda,19UUA76597A674115,Goldenrod,Female,2004,36976,no,V8,30838.29,61362744,10/10/2024
F-Series,Ford,WAUEV74FX7N252038,Aquamarine,Female,2003,61982,si,V6,45592.88,79426599,10/25/2024
Outback Sport,Subaru,SAJWA4FB8DL513011,Fuscia,Male,2002,947,si,Inline-4,11235.05,30432121,2/23/2024
Outlander,Mitsubishi,WAUA2AFD4DN629930,Goldenrod,Male,2011,199599,si,V12,21437.86,40998097,8/21/2024
SM,Citroën,19VDE3F7XEE472190,Teal,Male,1972,156901,si,V6,43120.5,79686976,6/9/2024
Sable,Mercury,WBS3C9C50FP002310,Teal,Female,1994,127768,no,V6,15423.06,55626341,10/17/2024
Continental,Bentley,1G4HF57989U404930,Green,Female,2007,35088,no,V6,37653.97,61539981,6/11/2024
Mazda3,Mazda,1FAHP2DWXAG786915,Green,Male,2006,78261,si,Inline-6,19416.8,49279408,7/22/2024
Yukon,GMC,ZFBCFADHXFZ673029,Yellow,Female,2001,147792,si,Inline-6,17578.66,22186814,3/23/2024
Mirage,Mitsubishi,3D4PG7FG3BT182096,Aquamarine,Female,1990,192972,no,Inline-6,39816.39,59519041,2/8/2024
Grand Am,Pontiac,SCBCR73W08C746439,Red,Female,2003,138941,no,Inline-4,17525.77,40762551,6/17/2024
9-5,Saab,3D7TT2CT3AG898392,Fuscia,Female,2001,24119,si,Inline-6,16749.14,90972149,7/17/2024
Outback,Subaru,3GYT4NEF9BG153058,Crimson,Male,2001,8163,si,Inline-4,22634.69,45119169,4/30/2024
Continental Super,Bentley,KNAFU5A29C5295051,Fuscia,Female,2012,129358,si,V12,20824.87,5535844,2/17/2024
300M,Chrysler,1N6AD0CU6FN366092,Blue,Genderqueer,2003,62298,no,V6,10968.48,18185877,8/12/2024
SLK-Class,Mercedes-Benz,KMHHU6KJ0FU651321,Puce,Male,2011,173022,si,V12,33605.5,29963188,8/1/2024
900,Saab,1G6DL5E39C0707078,Pink,Male,1984,28552,no,V8,40056.46,79107371,11/19/2023
QX,Infiniti,3D73Y4HL2AG149864,Blue,Female,1997,118336,no,V8,14544.54,34541605,6/9/2024
R32,Volkswagen,WBAUN13598V926490,Maroon,Female,2009,169771,no,V8,30340.77,85447658,7/8/2024
Insight,Honda,1GTN1TEX9CZ830888,Teal,Female,2001,54682,no,Inline-6,41249.04,16066453,8/4/2024
Corolla,Toyota,WVWED7AJ3DW855689,Goldenrod,Non-binary,2000,109663,no,Inline-4,13899.09,12181736,6/21/2024
Monte Carlo,Chevrolet,JHMZF1D4XCS289520,Turquoise,Male,2006,175695,si,Inline-6,29756.26,50280577,7/9/2024
G6,Pontiac,2HNYD2H41DH790754,Crimson,Female,2007,4548,si,V6,33367.02,87828928,9/30/2024
H3T,Hummer,5FNYF3H3XFB172970,Red,Female,2010,190846,si,V8,13754.62,83311514,11/7/2024
Tundra,Toyota,JN1BY1PR3FM784528,Khaki,Male,2009,175322,si,Inline-4,28925.55,43396574,12/30/2023
Passport,Honda,3GYFNEE33FS822170,Pink,Female,2001,168054,no,Inline-4,43001.3,60233934,12/17/2023
5 Series,BMW,2HNYD2H34DH248488,Orange,Male,1998,124302,si,V12,49988.95,87243216,1/23/2024
Routan,Volkswagen,WAUVT68E85A757839,Mauv,Female,2009,172899,no,V6,12582.58,42675188,2/4/2024
MPV,Mazda,JH4DC54895S487490,Purple,Male,1994,178774,si,V8,44931.1,53298251,8/9/2024
X3,BMW,5GADV33127D966914,Goldenrod,Male,2009,54118,si,V6,37330.22,26146432,7/18/2024
Mustang,Ford,WBA3A5G5XDN576614,Purple,Male,2012,119686,no,V12,7629.23,79814102,12/5/2023
GS,Lexus,1G6DJ1ED5B0008245,Red,Male,2009,72824,no,Inline-4,39157.57,23035153,6/13/2024
Acclaim,Plymouth,JN1AZ4EH5BM192644,Puce,Female,1992,134271,si,V6,29099.6,88685961,5/15/2024
3500,Chevrolet,3N1AB6AP6CL800938,Teal,Male,1992,165909,no,V12,19054.51,4839430,4/16/2024
Cutlass Supreme,Oldsmobile,3D73Y4CL3BG034361,Goldenrod,Male,1995,33590,si,V12,33981.67,8213027,6/30/2024
9000,Saab,WA1DGAFP4EA972266,Mauv,Female,1986,107194,si,V8,23705.28,12913774,6/10/2024
Arnage,Bentley,5N1AZ2MG2FN495337,Turquoise,Female,2005,90162,no,V8,45349.65,29287296,8/30/2024
Tiburon,Hyundai,3VWKX8AJ8BM678616,Red,Female,2001,20903,no,Inline-4,47411.47,96582263,11/26/2023
Town Car,Lincoln,WBA3B3C50FF883536,Maroon,Female,1998,15076,no,V8,9397.88,47161146,1/23/2024
300CE,Mercedes-Benz,2T1BURHE8FC060656,Blue,Female,1992,42572,no,V8,29733.2,27149570,6/11/2024
Wrangler,Jeep,1G6AB5R31F0098475,Green,Bigender,1993,81498,si,Inline-4,42446.26,6712088,12/29/2023
Firefly,Pontiac,1G6DM5EY8B0549873,Teal,Male,1992,186432,no,V8,5440.06,18936986,1/1/2024
LTD Crown Victoria,Ford,1VWAH7A30DC212266,Purple,Male,1988,18333,no,V12,34082.37,36841169,2/28/2024
Murciélago,Lamborghini,1D7RW5GK7BS907531,Pink,Female,2002,89718,si,Inline-6,18485.96,26868583,8/20/2024
Solstice,Pontiac,4T1BD1FK3EU794435,Puce,Female,2008,98883,si,V12,42617.53,76045539,4/24/2024
C70,Volvo,3C6TD5NT1CG161255,Red,Female,2011,87652,si,V12,40253.1,15134035,10/25/2024
Elantra,Hyundai,1FTSX2B5XAE038152,Yellow,Male,1997,138408,si,Inline-6,36565.61,19247703,12/30/2023
200,Chrysler,2G4WS55J341162410,Fuscia,Male,2012,75764,no,Inline-6,9265.14,46026659,5/19/2024
Sierra 1500,GMC,1G6AH5SX0D0462507,Orange,Female,2008,74083,si,V8,28932.32,93742831,1/4/2024
XLR-V,Cadillac,JTDZN3EU9E3662669,Teal,Male,2006,177486,no,Inline-6,48785.9,35017600,6/12/2024
Century,Buick,1GYFC36259R804809,Goldenrod,Female,1997,39668,no,Inline-6,47110.19,87535543,6/15/2024
Grand Prix,Pontiac,WBAPH73589A458252,Purple,Female,1974,79747,si,Inline-4,24231.2,93495786,1/6/2024
Corvette,Chevrolet,1FTEX1C86AF316295,Yellow,Male,1994,144078,no,V8,45226.3,46071095,10/18/2024
Sequoia,Toyota,JN1AV7ARXFM853151,Aquamarine,Female,2003,46810,no,V12,7892.36,17144154,3/12/2024
650,BMW,5N1CR2MN4EC076648,Crimson,Female,2006,127183,si,V6,33830.41,71093483,4/22/2024
Genesis,Hyundai,1G4HP57277U468311,Purple,Female,2012,124322,no,V6,19715.64,58719911,3/13/2024
Endeavor,Mitsubishi,WBANV9C5XAC810901,Goldenrod,Female,2009,137158,no,V6,47902.25,85192003,3/29/2024
Aztek,Pontiac,5XYKT3A64FG867179,Orange,Agender,2004,54473,no,Inline-6,16508.53,75896828,5/29/2024
Blazer,Chevrolet,1G6DK8EY4B0621398,Orange,Female,2004,44802,no,V12,17180.43,20255316,6/7/2024
VS Commodore,Holden,1G6DS1EDXB0725124,Pink,Female,1997,126225,si,Inline-4,20605.32,75345550,12/24/2023
98,Oldsmobile,1G4HE57Y67U018921,Pink,Bigender,1994,135255,si,V12,29994.81,22319607,6/13/2024
Accord,Honda,4T1BD1FKXEU360772,Maroon,Male,1985,53261,no,Inline-4,44750.3,51603966,8/29/2024
Tahoe,Chevrolet,5N1AN0NW8EN753915,Mauv,Male,1997,164178,no,V8,44129.11,9452662,11/16/2023
Malibu,Chevrolet,JM1DE1HY8B0651818,Crimson,Male,1999,15401,no,V8,47444.07,59110906,5/5/2024
XG350,Hyundai,5J6TF3H52FL340989,Indigo,Female,2003,164161,si,V8,30216.99,77685523,5/31/2024
Ram Van B250,Dodge,WBAKX6C53CC673380,Violet,Genderqueer,1993,30682,no,V8,13769.91,39323936,7/19/2024
Legend,Acura,1FTSX2B59AE746926,Puce,Agender,1989,184702,si,V12,48690.04,3420559,6/10/2024
Festiva,Ford,WAUJC68E45A274931,Puce,Genderfluid,1993,180883,no,V8,29284.01,75286979,3/7/2024
SJ,Suzuki,WVGEG9BP9CD439447,Khaki,Male,1988,102884,no,V8,41798.65,71540397,11/7/2024
Continental GTC,Bentley,4T3BA3BB7DU800219,Turquoise,Female,2010,162650,no,V12,27631.71,19172602,7/16/2024
M3,BMW,KMHCT4AE5CU234892,Mauv,Female,2005,97737,no,V6,45613.91,5422873,10/26/2024
Regal,Buick,JTHBL5EF4F1787062,Crimson,Male,2012,723,no,V6,46196.06,3772835,4/22/2024
Cougar,Mercury,WAUNF78PX8A758428,Teal,Female,1986,135365,no,V6,6489.69,25327952,6/25/2024
Diablo,Lamborghini,1GYUCHEFXAR301550,Khaki,Male,1993,29595,no,V6,13128.99,2662016,2/22/2024
Civic,Honda,JM3KE2BE5F0792712,Fuscia,Female,2004,97412,no,V12,19553.95,50937049,3/15/2024
G-Series G10,Chevrolet,1N6AA0CC5EN847594,Orange,Male,1992,42883,no,Inline-6,45973.61,66469582,3/18/2024
Durango,Dodge,1G4PR5SK9E4459006,Indigo,Male,2009,141271,si,Inline-6,9663.73,58741866,1/19/2024
SL-Class,Mercedes-Benz,3N1CN7AP9EL374350,Green,Male,2007,127199,si,V6,6487.26,78217354,10/9/2024
SL-Class,Mercedes-Benz,WBS3C9C59FJ773089,Crimson,Female,1994,67506,no,Inline-4,29422.34,96088869,9/28/2024
300CE,Mercedes-Benz,WAUKH78E07A213624,Khaki,Male,1993,159235,no,Inline-4,31108.24,6213855,12/10/2023
PT Cruiser,Chrysler,JH4KC1F97FC190610,Turquoise,Female,2004,93738,no,Inline-4,30432.35,11875330,9/8/2024
5000S,Audi,3D4PG9FG5BT297651,Pink,Male,1985,60476,no,V6,36118.83,23941499,12/4/2023
S5,Audi,3D73M4HL4AG786881,Aquamarine,Male,2008,152849,si,Inline-6,13906.72,37324487,12/28/2023
S4,Audi,1G6DB8E50E0751656,Puce,Female,2012,113565,si,Inline-4,31915.04,99076272,8/15/2024
Envoy XL,GMC,JTDKN3DU6A0264107,Khaki,Male,2006,135739,si,V6,18906.67,48480294,2/10/2024
Rio,Kia,2B3CK9CV4AH749336,Puce,Female,2009,126608,no,V8,7078.27,78775670,10/2/2024
Ranger,Ford,1G6AC5S31D0603046,Mauv,Male,2008,188165,si,Inline-4,19910.16,2766623,9/4/2024
GTO,Pontiac,JN8AZ2NC3C9448732,Yellow,Female,2006,121977,si,V6,18586.12,37375413,1/28/2024
929,Mazda,5N1BA0NC1FN825710,Crimson,Male,1993,185584,no,Inline-6,8411.45,1294685,6/19/2024
Elantra,Hyundai,1N6AF0KXXEN899941,Orange,Male,2009,37503,no,V6,29635.38,92909364,7/5/2024
Villager,Mercury,SCBDC47L79C066124,Red,Male,1999,101627,si,V12,18918.99,16221256,4/3/2024
RX,Lexus,SAJWA6AT2F8008745,Fuscia,Female,2010,152591,si,Inline-6,13003.33,24693918,7/1/2024
Galant,Mitsubishi,WBA4B3C53FG656338,Blue,Female,2006,111220,si,Inline-6,5623.51,65347860,9/8/2024
Commander,Jeep,JM1CR2W30A0571182,Red,Male,2010,76396,si,V12,37071.33,52566543,9/5/2024
Paseo,Toyota,5XYZG3ABXBG430006,Fuscia,Genderqueer,1992,80221,si,V12,33392.13,47646145,8/31/2024
FX,Infiniti,WAUTFAFH7DN325541,Red,Female,2004,40373,no,Inline-4,18381.9,27945198,5/14/2024
Eurovan,Volkswagen,5N1AN0NUXAC593430,Fuscia,Female,2000,199878,si,V12,12476.57,75064054,8/3/2024
del Sol,Honda,SCBBP9ZA3CC754892,Turquoise,Female,1996,37254,si,V8,48694.27,48555936,10/7/2024
Exige,Lotus,WAUVT54B23N815410,Red,Female,2004,45690,no,V8,22803.18,50819167,3/6/2024
IPL G,Infiniti,1FTNX2A50AE019043,Puce,Female,2012,167015,no,Inline-4,46625.42,22327092,10/1/2024
SRX,Cadillac,WBAKF5C55BE994062,Red,Female,2007,170951,si,V12,18717.88,12809085,9/20/2024
Sonata,Hyundai,KMHCM3AC4BU373741,Green,Female,1999,107383,no,Inline-4,25590.43,88144710,11/15/2023
Accord,Honda,1D7RV1GP0AS558072,Turquoise,Female,1990,198066,no,V8,24260.99,49811305,7/5/2024
Cooper Clubman,MINI,WAUKD78P99A045255,Orange,Male,2010,20690,no,V6,34930.93,3250173,7/24/2024
Sunbird,Pontiac,WVGAV7AX7CW723917,Teal,Male,1991,51394,no,Inline-4,34161.82,99102421,11/11/2024
Ridgeline,Honda,3N1AB7AP9FY576822,Green,Female,2010,51191,si,V12,18238.48,47705364,4/30/2024
Lancer,Mitsubishi,JTDKDTB3XD1639590,Goldenrod,Male,2008,95306,no,V12,44398.68,13087772,5/24/2024
G-Class,Mercedes-Benz,5UXZV4C57BL466936,Turquoise,Male,2008,134063,no,V6,19345.56,59166328,6/3/2024
XK Series,Jaguar,1FTEX1CV4AF593033,Crimson,Female,2001,10736,si,Inline-6,31242.45,50347010,4/19/2024
Taurus,Ford,WAUBFAFL0FN771565,Puce,Female,1994,69159,si,Inline-4,5320.39,93218429,3/8/2024
Parisienne,Pontiac,JN1AZ4EH8BM185655,Aquamarine,Bigender,1985,173766,si,Inline-6,46948.11,24519351,12/2/2023
Mountaineer,Mercury,WBSWD9C57AP203480,Turquoise,Female,2005,11945,no,Inline-6,40703.71,44083419,10/8/2024
Range Rover,Land Rover,WBAUN7C50BV636391,Turquoise,Female,1992,138503,no,V6,7473.45,72081380,2/20/2024
Matrix,Toyota,SCBDR33WX7C982950,Green,Male,2010,83937,no,V6,35752.64,52390846,4/30/2024
2500 Club Coupe,GMC,1YVHZ8BH0D5838008,Goldenrod,Female,1992,101273,no,V8,5740.7,30322127,7/27/2024
S8,Audi,WAUAF98E05A634091,Purple,Female,2009,107182,si,V12,13985.04,80031538,8/2/2024
Freestyle,Ford,1G6AB5S39F0326006,Yellow,Female,2007,148548,no,V12,17778.08,92958322,10/26/2024
XC70,Volvo,SCFLDCFP1EG114788,Green,Male,2010,129028,si,Inline-6,24432.73,77945642,9/22/2024
Celica,Toyota,5GALRBED1AJ275030,Pink,Male,1984,49671,no,Inline-6,30889.11,20665689,9/10/2024
Grand Prix,Pontiac,JH4DC548X2C873387,Red,Female,1975,82012,si,V6,25519.43,16395742,8/21/2024
Fiero,Pontiac,KL4CJASB9EB223934,Violet,Female,1986,194319,si,V6,18190.87,48965630,6/5/2024
Prowler,Plymouth,1G6DG1E33E0115241,Green,Female,2000,144362,si,Inline-4,45177.43,85960289,2/22/2024
100,Audi,1FTMF1E84AK015463,Indigo,Male,1994,101694,no,Inline-6,13309.56,38817264,2/19/2024
Ram 1500,Dodge,WA1CMAFE4ED490849,Fuscia,Female,2007,143941,no,V8,17915.56,95593685,1/1/2024
Sonoma,GMC,WBSDX9C53DE194145,Indigo,Male,1997,24098,si,V12,41219.47,2048221,5/7/2024
G,Infiniti,WA1LFAFP8CA956597,Purple,Male,2009,115623,si,V6,5953.39,40282420,11/3/2024
VUE,Saturn,WBAAN37431N342480,Red,Female,2006,89289,si,Inline-4,40725.24,64370298,12/4/2023
Ram 2500,Dodge,WBAKA83509C635224,Khaki,Female,1994,21089,si,Inline-6,45562.04,35090800,4/30/2024
New Beetle,Volkswagen,JN8AF5MR9CT738928,Mauv,Male,2009,188380,no,V8,46080.5,49114972,2/27/2024
A8,Audi,ZHWGU6BZ4CL741019,Green,Female,2005,113340,si,Inline-6,36053.69,25944822,7/4/2024
MPV,Mazda,WAUKFBFL4EA489084,Purple,Female,1994,198471,no,V12,33111.23,11631395,6/27/2024
Sunbird,Pontiac,WBADX1C57CE317403,Khaki,Female,1991,28420,si,V6,30954.36,82846171,7/10/2024
Gemini,Pontiac,1G6YV36A775548857,Khaki,Male,1988,2343,no,V12,47912.43,79063044,10/10/2024
Defender 110,Land Rover,3D7TP2CT3AG488230,Indigo,Male,1993,167389,no,V8,26969.39,35117480,4/13/2024
G,Infiniti,WBA3K5C55EF578057,Crimson,Female,1999,130296,si,Inline-6,32052.01,16851506,1/29/2024
Truck Xtracab SR5,Toyota,WAUNF78P68A024367,Teal,Female,1989,112725,no,V8,41661.97,91380672,1/15/2024
Sidekick,Suzuki,1FTMF1CW8AK287001,Red,Male,1991,148582,si,Inline-4,20790.51,51711272,2/12/2024
Sorento,Kia,SCBDR3ZAXAC621835,Goldenrod,Female,2008,126721,si,V6,37805.7,10899800,5/10/2024
QX,Infiniti,1G6DF5E51C0559906,Puce,Female,2004,10064,no,Inline-6,28914.34,22934856,5/1/2024
Tacoma Xtra,Toyota,1N6AF0LY0EN252472,Indigo,Female,2003,155798,si,V6,27585.07,82472825,5/27/2024
CX-9,Mazda,WAUDGAFL0EA505572,Pink,Agender,2007,194605,si,V8,26352.6,76939393,11/24/2023
Vigor,Acura,YV126MFC7F2328460,Aquamarine,Female,1993,123997,no,V12,41493.11,65907487,3/11/2024
S40,Volvo,5N1AN0NU5BC418701,Blue,Male,2011,189871,si,V8,31911.85,51298142,10/24/2024
T100 Xtra,Toyota,1G6AH5R36E0100721,Green,Female,1995,188639,si,V12,17390.78,96965728,9/30/2024
Cordia,Mitsubishi,TRUUT28N441477329,Blue,Female,1988,77018,si,Inline-6,18765.1,55193351,3/6/2024
SL-Class,Mercedes-Benz,WAUWG94F79N104166,Aquamarine,Female,2009,144906,si,Inline-4,47854.17,30366717,1/9/2024
S-Series,Saturn,1FM5K7B89EG050592,Indigo,Female,2001,145186,si,V12,10840.16,63145235,7/8/2024
CL,Acura,SALVN2BG4DH858164,Purple,Male,1997,181386,no,V8,44551.37,12704689,8/14/2024
Ion,Saturn,WP0CB2A81FK156987,Purple,Male,2003,101691,si,V6,31999.65,26560467,7/7/2024
RSX,Acura,3GYFNCE38FS131821,Violet,Male,2003,27121,si,Inline-6,22411.53,36824318,2/18/2024
Montana,Pontiac,5N1AA0NC1CN072770,Violet,Female,1999,166770,no,V6,23020.24,42542084,10/12/2024
960,Volvo,1GYEK63N46R112888,Goldenrod,Male,1992,73980,si,Inline-4,21549.68,90651428,2/2/2024
Impreza,Subaru,1G4HD57288U336393,Purple,Male,1995,68365,no,Inline-6,46125.68,95407503,4/27/2024
MKX,Lincoln,JM3TB2BV6D0874071,Purple,Female,2011,147238,si,Inline-6,27753.04,34795416,2/4/2024
CLK-Class,Mercedes-Benz,1GD12YEG9FF752901,Indigo,Male,2000,178489,no,V8,5957.48,21277319,4/8/2024
SC,Lexus,2G4WS55J141504825,Red,Male,2008,57172,si,V8,7767.32,96139115,3/27/2024
Focus,Ford,2FMHK6CC3AB708810,Indigo,Female,2013,190954,si,V8,24880.97,50225262,10/29/2024
xA,Scion,1G6AA5RX9E0358741,Khaki,Female,2006,105647,no,V6,10400.11,26949482,7/24/2024
Intrigue,Oldsmobile,WBAWB7C51AP289142,Mauv,Male,1998,5232,si,V8,28292.5,47378911,5/30/2024
Xterra,Nissan,WAUBF78E37A184772,Yellow,Male,2001,123406,no,Inline-4,13092.6,52710142,9/1/2024
Marquis,Mercury,1C4RJEAG7DC458779,Yellow,Male,1984,114236,si,V12,48528.34,19169750,11/27/2023
Tacoma,Toyota,4F2CY0C75BK090347,Yellow,Genderfluid,2006,50500,no,Inline-4,49560.63,11994813,9/10/2024
Mustang,Ford,WBA3B1C52DF319663,Pink,Female,1985,192399,si,V8,23298.21,76327516,6/22/2024
TT,Audi,WA1DKAFP4BA621450,Orange,Male,2002,73918,no,Inline-4,20044.29,57565814,10/3/2024
Express 1500,Chevrolet,1N6AA0EKXFN862372,Pink,Male,1997,110604,si,V8,6141.06,84165470,6/22/2024
Suburban 2500,GMC,KNADH4A35B6928085,Mauv,Male,1997,198755,no,V8,23243.71,48549309,9/15/2024
L-Series,Saturn,3N1CN7AP3EK356903,Indigo,Female,2003,58147,no,Inline-4,6936.68,3366445,11/27/2023
GTO,Mitsubishi,WVWAA7AJ0CW252642,Mauv,Male,1994,18273,no,V6,11085.65,6443519,12/23/2023
B-Series Plus,Mazda,WAUHGAFC7FN147799,Green,Female,2000,157463,no,V12,22832.94,29615295,6/12/2024
GS,Lexus,1G6KD57Y12U008211,Orange,Female,2013,67792,no,Inline-4,39704.71,62907932,9/18/2024
Alcyone SVX,Subaru,1G6DV1EPXD0646668,Crimson,Female,1994,30277,si,Inline-4,40950.93,10973261,9/10/2024
G-Class,Mercedes-Benz,WBAPH5G54BN992006,Crimson,Male,2009,80943,si,Inline-6,31502.46,65280781,4/29/2024
F350,Ford,WAUK2AFD3FN274840,Indigo,Male,1999,131996,no,V8,39372.95,42443026,2/14/2024
Expedition,Ford,JTDKN3DP5F3640702,Crimson,Male,2004,58286,si,V12,39733.46,75164562,11/16/2023
900,Saab,3FADP4AJ8DM976127,Red,Female,1992,44458,no,V6,43335.24,17862145,3/26/2024
Taurus,Ford,3VW1K7AJ0CM150980,Crimson,Male,2005,94331,no,Inline-4,24935.31,34146966,10/21/2024
Range Rover,Land Rover,WBA3X5C55ED887315,Pink,Female,1998,183570,no,V12,7418.12,35831989,11/25/2023
Suburban 2500,Chevrolet,KL4CJASB6DB993944,Yellow,Female,1999,71842,no,Inline-6,41164.96,85799675,11/7/2024
Lancer,Mitsubishi,SALVP1BG3CH070298,Red,Female,2011,81784,no,V8,19435.47,73718594,3/11/2024
Explorer,Ford,WAUSF78E48A944337,Red,Female,2008,168685,no,Inline-6,37999.17,80573424,11/22/2023
CR-V,Honda,YV140MAK4F1659673,Maroon,Male,2009,15607,no,Inline-6,11829.42,50389681,8/14/2024
Space,Isuzu,5N1AT2ML2FC650320,Purple,Female,1994,114433,si,Inline-6,35949.3,95387359,3/12/2024
Ram 2500,Dodge,JN1CV6AP6CM970433,Khaki,Genderfluid,1997,96655,no,V6,5808.17,82100893,1/20/2024
XLR,Cadillac,3D4PG5FV3AT600755,Aquamarine,Female,2005,118859,no,Inline-6,32093.5,80844100,12/17/2023
Fleetwood,Cadillac,WDDGF4HB0CA948705,Turquoise,Female,1992,19003,no,Inline-6,8809.14,19895369,11/10/2024
G-Series 2500,Chevrolet,WBAEV33452K571690,Indigo,Male,1997,114045,no,V8,37289.29,33391805,7/13/2024
Suburban 2500,GMC,1HGCR6F38EA939245,Yellow,Female,1997,163386,no,V8,10562.61,81569329,1/23/2024
Altima,Nissan,3GYFNBEY2BS016177,Green,Female,2004,190621,si,Inline-4,33470.67,10521954,11/22/2023
Comanche,Jeep,3D73M4HL9BG841519,Blue,Female,1992,133016,si,Inline-4,13140.68,12338548,2/1/2024
XT,Subaru,YV4902BZ7C1767709,Indigo,Male,1988,50134,no,V8,27015.28,19818541,6/16/2024
Explorer Sport,Ford,SCBCR7ZA4AC193022,Mauv,Female,2001,88005,no,Inline-4,15850.05,91952737,12/8/2023
Cooper,MINI,WAUMK98K39A329110,Aquamarine,Female,2012,30169,si,Inline-4,49923.09,33162091,10/28/2024
Navigator,Lincoln,3D7TP2HT3AG102592,Indigo,Male,1998,49195,si,V12,29919.06,66492183,10/22/2024
Marquis,Mercury,WVGAV7AX5FW377578,Red,Male,1986,83919,no,Inline-4,34623.78,19969517,8/3/2024
Altima,Nissan,WAUPL58E04A479620,Purple,Male,2000,155517,si,V6,17716.17,18372713,12/11/2023
9-3,Saab,4JGDA0EBXFA492527,Pink,Male,2010,161934,si,V6,29185.39,47415102,10/28/2024
Tercel,Toyota,JN1AY1AR6DM858526,Maroon,Non-binary,1998,94010,si,Inline-4,31151.21,80151801,9/29/2024
Yukon XL 1500,GMC,1N6AD0CU3AC543413,Goldenrod,Female,2012,131634,si,V8,23139.68,54980783,6/18/2024
Concorde,Chrysler,1FAHP2D81FG315406,Maroon,Female,1998,145307,no,Inline-4,25572.75,36023713,2/25/2024
Town Car,Lincoln,3GYFK66N73G822833,Turquoise,Female,1997,60625,si,V8,35601.31,54300626,2/25/2024
Cayenne,Porsche,WA1EY74L29D520079,Yellow,Non-binary,2003,119678,no,V8,47095.99,16791537,3/26/2024
Roadmaster,Buick,WAUDH68D71A709926,Purple,Genderqueer,1994,167028,si,Inline-4,34348.74,21358483,4/9/2024
Lucerne,Buick,WAUCVAFR1AA573315,Mauv,Male,2009,49160,no,V12,42737.84,96716355,9/14/2024
Range Rover,Land Rover,YV4952CF9E1617965,Pink,Male,1990,183249,si,V12,7720.41,30060610,9/26/2024
X3,BMW,WAUDGBFL3CA385270,Pink,Female,2012,155418,no,V12,28370.85,24944582,11/8/2024
Grand Marquis,Mercury,1HGCP2E81AA821799,Indigo,Male,1987,177289,si,Inline-4,47667.03,51651929,9/16/2024
Acadia,GMC,TRUWT28N421424264,Maroon,Female,2007,37561,si,Inline-4,27236.27,92398582,5/14/2024
Civic,Honda,WVWAN7AN1DE759371,Teal,Female,2004,80695,si,V8,37460.4,45177238,5/7/2024
Legacy,Subaru,1FMEU5BE6AU521677,Maroon,Female,2002,185701,no,V6,42932.33,49753588,6/27/2024
M,BMW,WBAGN835X4D425517,Turquoise,Male,2002,96601,si,Inline-6,29788.67,72851499,7/18/2024
Ranger,Ford,WAUKH78E47A861676,Violet,Female,2006,99273,no,V6,47347.82,97992798,10/16/2024
RDX,Acura,1G6DF5E53D0272455,Maroon,Male,2011,177375,no,V12,12161.09,70927585,4/19/2024
Sable,Mercury,1GYS3JEF0BR222193,Khaki,Non-binary,1987,193325,no,V8,20421.17,36983454,2/2/2024
LR3,Land Rover,2C4RDGCG2FR641730,Blue,Male,2005,142509,no,Inline-6,40904.58,36569456,6/14/2024
Seville,Cadillac,JN1AZ4EH8FM523044,Purple,Male,2001,170236,no,V6,9010.22,53731257,12/19/2023
LS,Lincoln,WAUGL68E85A008368,Indigo,Male,2006,128045,no,V8,44178.27,33037971,4/2/2024
XLR,Cadillac,5J8TB4H35DL115776,Orange,Female,2005,197339,no,Inline-4,35448.14,96888918,12/11/2023
Esteem,Suzuki,3D7TP2CT5BG974927,Fuscia,Male,1999,5394,si,V12,47518.97,57859979,8/1/2024
Camaro,Chevrolet,1G6AE5SX6E0259499,Goldenrod,Male,1975,50929,no,V12,5023.75,43247332,10/11/2024
Maxima,Nissan,1C6RD7NT5CS061982,Goldenrod,Female,2009,91021,si,Inline-6,13729.82,50216304,3/9/2024
Park Avenue,Buick,1G4GJ5E36DF112196,Blue,Male,1993,79774,no,V8,12441.39,13294073,1/2/2024
Ram 1500,Dodge,TRUUT28N061883644,Mauv,Male,2008,95309,no,Inline-4,40393.18,68186058,11/8/2024
1500 Club Coupe,GMC,WBAWL13597P340616,Purple,Female,1999,163469,no,V6,17386.55,78327312,7/3/2024
RL,Acura,WAUKGAFB0BN960280,Aquamarine,Female,2004,63674,si,V12,39222.38,30230610,10/5/2024
Prizm,Geo,4A37L3ET5AE112059,Puce,Male,1993,94789,si,Inline-4,20129.99,47502521,1/8/2024
Legacy,Subaru,WUAW2AFC5EN434956,Mauv,Male,2002,88356,si,V6,6992.83,76935958,8/13/2024
Taurus,Ford,3D7TP2CT0BG164279,Aquamarine,Female,1999,181873,no,V8,40756.45,69360471,12/15/2023
LeSabre,Buick,4USBU33547L717347,Maroon,Male,1989,24076,si,V8,20569.71,43978669,7/5/2024
X5,BMW,JTDBT4K39B1293621,Orange,Female,2005,176251,no,V6,7806.26,80197882,11/24/2023
LeSabre,Buick,WAUHGBFC8EN983027,Yellow,Female,1992,157672,no,Inline-6,21526.92,39506114,9/21/2024
Corvette,Chevrolet,JN1AZ4EH4DM048943,Violet,Female,1989,69846,no,V6,6472.73,78574961,12/4/2023
S4,Audi,JN1AJ0HP8CM630609,Goldenrod,Female,2006,162079,si,V6,20885.6,68653044,5/1/2024
Solstice,Pontiac,WUAUUAFG0EN141549,Maroon,Male,2007,90235,no,Inline-4,42088.72,13396468,2/22/2024
Mustang,Ford,WBAHN835X8D050464,Khaki,Male,1998,75356,si,V12,12285.49,67872778,2/3/2024
Accord,Honda,SCFFBCBD3BG374975,Mauv,Female,1990,70095,si,V6,20744.38,60335012,5/3/2024
Jimmy,GMC,WBXPA93435W882318,Teal,Male,2001,175434,no,Inline-4,19414.04,40230247,7/3/2024
Challenger,Mitsubishi,1HGCP2E88AA334048,Purple,Male,2002,11894,si,V12,48431.83,85921854,2/29/2024
SC,Lexus,1C4RDJAG2EC478133,Turquoise,Male,2004,52752,si,Inline-6,43999.06,66173068,2/1/2024
CL-Class,Mercedes-Benz,SCBZK25E02C261683,Turquoise,Male,2008,140482,si,Inline-6,10565.13,30582535,12/8/2023
Grand Am,Pontiac,JN8AZ2NC7C9115580,Fuscia,Male,2003,97504,no,Inline-4,11136.42,42622774,2/16/2024
Express 1500,Chevrolet,WAURVAFD4BN876064,Blue,Female,2006,32295,si,V12,22304.83,49741484,3/11/2024
Terraza,Buick,KMHHU6KJ1FU527820,Teal,Male,2006,100318,si,V8,48428.09,58519763,2/25/2024
370Z,Nissan,19VDE1F54DE627690,Blue,Male,2011,110753,si,V12,49697.86,95686319,6/21/2024
300ZX,Nissan,5FRYD4H43GB510097,Teal,Agender,1992,54579,no,Inline-4,13424.31,86547607,8/20/2024
Mirage,Mitsubishi,JH4CL95818C409642,Crimson,Male,1986,181942,si,V8,36514.07,13200517,9/12/2024
4Runner,Toyota,1FMCU9D72AK574594,Orange,Female,1999,164658,si,Inline-6,15814.22,18788960,1/22/2024
C70,Volvo,1G6DM5EV6A0391070,Maroon,Male,2001,197486,si,Inline-6,26324.33,76701243,12/20/2023
LaCrosse,Buick,YV140MAM8F1187804,Red,Polygender,2010,137114,si,V8,30417.09,77496569,5/25/2024
Pajero,Mitsubishi,1G4HF5EM4AU381352,Purple,Female,2000,33088,si,V6,9299.65,75210785,10/11/2024
RDX,Acura,1N6AD0CU1CN162747,Turquoise,Female,2012,1972,no,Inline-4,30530.21,46773015,6/26/2024
Impreza,Subaru,WBA4B1C54FD592896,Mauv,Male,1997,118719,no,Inline-4,44204.84,81110586,12/1/2023
929,Mazda,5XXGM4A70CG752919,Green,Female,1993,34331,si,Inline-6,47486.96,59280158,6/12/2024
Escalade ESV,Cadillac,YV4902DZ6B2188085,Mauv,Female,2007,108948,si,V12,37729.01,62241180,12/21/2023
Sonata,Hyundai,JTDJTUD39DD040020,Red,Male,1995,31357,si,V12,20581.46,64607780,12/6/2023
Prelude,Honda,WDDHF7GB4EA519609,Orange,Male,1995,63451,si,V6,23638.39,82367277,7/28/2024
Windstar,Ford,3D7LT2ET5AG763105,Indigo,Female,2004,185444,si,V12,7488.33,7153913,12/11/2023
Express 3500,Chevrolet,3C6TD5CT5CG491029,Mauv,Female,1998,69445,no,V6,42203.0,77699588,12/1/2023
Pathfinder,Nissan,1G4HP54K624705822,Red,Female,2002,156968,no,V12,31264.93,18164252,4/7/2024
Corolla,Toyota,5J6TF2H57FL607537,Indigo,Female,2004,117354,no,V8,16366.72,64356554,10/4/2024
Altima,Nissan,19UUA66216A812065,Khaki,Female,2003,168265,no,Inline-6,25054.25,32918862,12/16/2023
Venture,Chevrolet,1FTEW1CF9FF786846,Fuscia,Female,2000,86916,si,V8,24334.63,59946854,9/9/2024
Colorado,Chevrolet,WBAYM1C56FD574038,Aquamarine,Female,2011,56290,si,V6,48264.35,92485986,2/20/2024
Altima,Nissan,WBA3D5C56EF991745,Yellow,Female,2000,152172,no,Inline-4,34653.53,33351190,5/24/2024
Cabriolet,Volkswagen,1B3CB5HA0BD532198,Yellow,Female,2000,151269,no,V12,48984.97,30803495,5/29/2024
Z3,BMW,1G6KF54912U012234,Aquamarine,Male,1998,112971,si,V8,30429.65,75917566,9/2/2024
Econoline E350,Ford,WBABV13414J326563,Green,Male,2000,57834,no,V8,11895.39,65546841,1/2/2024
Sunfire,Pontiac,JH4DC44691S441984,Fuscia,Female,1996,21903,si,Inline-4,7263.89,55652175,4/17/2024
Edge,Ford,1C3BC2EB1BN712775,Teal,Male,2013,43150,no,Inline-4,7671.42,40855377,3/16/2024
Sephia,Kia,WAUDN94F58N322862,Khaki,Male,1997,68337,no,V6,5686.48,29074131,2/9/2024
Sonoma,GMC,JTHBB1BA1B2606590,Teal,Genderqueer,1998,134472,no,Inline-6,48013.79,53181971,1/16/2024
V8 Vantage S,Aston Martin,WBADT534X2C621409,Mauv,Male,2011,9272,si,Inline-4,40384.39,83334039,3/20/2024
CX-9,Mazda,1B3CB1HA1BD772739,Fuscia,Female,2010,159085,no,V8,9633.4,10107882,1/17/2024
JUKE,Nissan,WVGAV7AX3AW003303,Purple,Female,2011,107456,no,Inline-4,33245.57,29666851,1/3/2024
New Beetle,Volkswagen,WAURVAFA2AN444514,Turquoise,Male,2003,136523,no,Inline-4,42434.99,69931777,8/25/2024
Entourage,Hyundai,WAUGL98E56A713955,Puce,Female,2008,127007,no,Inline-4,7218.95,27546428,1/26/2024
G-Series G30,Chevrolet,1C3BC1FB8BN598783,Teal,Male,1994,44498,si,V12,41433.29,21117730,4/1/2024
Trans Sport,Pontiac,WAUSGCFCXCN808707,Puce,Female,1993,97544,no,Inline-4,46911.45,58731362,2/20/2024
Express 1500,Chevrolet,1FTMF1C87AK142713,Red,Female,1996,178308,no,V12,12723.21,58114004,8/7/2024
Cabriolet,Audi,3N1CE2CP6FL085637,Pink,Male,1998,135443,si,Inline-6,34964.69,72069870,10/20/2024
MKX,Lincoln,1FMCU0D70AK516639,Red,Male,2013,133329,no,Inline-4,48142.63,62870179,8/15/2024
Suburban 2500,Chevrolet,JA32U1FU9BU397473,Teal,Female,2011,90551,si,V12,10625.53,29283172,5/27/2024
CLK-Class,Mercedes-Benz,WAULC58E35A418276,Purple,Female,2007,3875,si,V8,5437.58,23368885,7/1/2024
Blazer,Chevrolet,WBALW7C57CC304373,Blue,Female,1997,82829,no,V6,48983.16,9201243,10/8/2024
A6,Audi,WAU3FAFR3CA116005,Green,Female,2000,96068,si,V8,32804.66,80861294,6/4/2024
Dakota Club,Dodge,WAUDH74F16N277895,Maroon,Male,1995,131336,si,Inline-6,5708.36,72493175,6/18/2024
Tercel,Toyota,5N1AR2MM9FC255848,Purple,Female,1997,118824,si,Inline-4,14475.34,62205318,11/10/2024
Miata MX-5,Mazda,1FTMF1EW0AF942807,Khaki,Male,1995,105929,no,V12,41814.54,17968984,9/13/2024
M5,BMW,JTDBT4K30B4068065,Red,Male,2000,187228,no,Inline-4,34692.47,3091215,11/28/2023
6 Series,BMW,WBAEP33403P274700,Puce,Female,2010,68335,no,V12,46697.1,55035686,8/19/2024
Legend,Acura,1GYS4SKJ3FR892449,Mauv,Female,1987,193352,no,V8,5705.17,28846276,8/7/2024
Commander,Jeep,WBALM5C55BE363113,Khaki,Female,2010,106673,no,V6,42013.44,99970807,5/9/2024
Cabriolet,Volkswagen,SCFFDEDN3CG309315,Pink,Female,1987,64728,si,Inline-4,7867.1,79866484,5/30/2024
Ram 2500,Dodge,3C3CFFER0FT736135,Violet,Male,2007,30218,no,V8,39045.85,29190456,1/29/2024
Range Rover,Land Rover,WBAKG1C58BE563964,Orange,Agender,1989,126589,no,V6,12261.96,84831804,10/10/2024
C70,Volvo,JM1CW2BL6C0638529,Blue,Female,2006,120482,si,V12,48462.62,60571147,6/23/2024
Legacy,Subaru,1G6DS5E37D0891750,Fuscia,Female,2007,159696,no,Inline-6,42567.71,48149619,8/23/2024
Sierra 2500,GMC,1C4SDHCT5EC467406,Red,Male,2009,184864,si,V6,40367.47,68433949,7/14/2024
98,Oldsmobile,1G6AL1R32F0818694,Violet,Male,1992,110138,no,V8,22630.19,4567792,8/6/2024
M-Class,Mercedes-Benz,SCBLC31E32C733406,Blue,Male,2008,33912,si,Inline-4,29909.9,26264782,4/26/2024
Regal,Buick,JTMHY7AJXB5503374,Orange,Male,1993,19096,no,Inline-4,36537.25,14477571,12/27/2023
Prius,Toyota,JTHBS1BL5D5650837,Aquamarine,Female,2011,96851,si,V12,39549.04,4693057,6/18/2024
SL-Class,Mercedes-Benz,WBAEU33494P195858,Mauv,Male,1984,14618,si,V8,19372.38,54992074,7/24/2024
G8,Pontiac,JTHFE2C29A2676133,Maroon,Female,2008,67637,no,V8,11268.72,37188496,10/5/2024
X6,BMW,WBAYP1C56ED489867,Teal,Male,2013,177421,no,Inline-4,16393.12,44792131,9/3/2024
Tundra,Toyota,JM1NC2EF6A0963203,Teal,Male,2005,192501,no,Inline-6,17244.79,59501683,9/30/2024
Sprinter,Mercedes-Benz,1C3CDFDH8FD101054,Teal,Male,2011,109608,no,V6,22721.4,98215848,6/3/2024
RX,Lexus,1C3BC5ED5AN498858,Turquoise,Male,2002,199168,no,V8,32379.28,52181772,1/18/2024
Econoline E250,Ford,YV4940BL0D1019602,Yellow,Polygender,2000,95245,no,Inline-4,42315.24,65217768,11/21/2023
911,Porsche,WBAVB17536N980842,Red,Female,1997,107159,no,V8,20102.71,9931614,5/8/2024
Ram Van 1500,Dodge,SCBZU25E51C469146,Indigo,Female,2001,69493,si,V8,10750.35,81826450,8/14/2024
Century,Buick,WBAGK93421D391073,Orange,Male,1996,185717,si,V12,7148.87,16990321,2/13/2024
Toronado,Oldsmobile,4JGCB2FB9AA325801,Blue,Female,1992,194484,si,V8,38559.16,96814057,10/12/2024
Fairlane,Ford,1N4AL2AP6BC977296,Orange,Male,1965,28938,si,V6,36674.49,54887001,9/29/2024
Thunderbird,Ford,1GYEC63848R157064,Mauv,Male,1983,167609,si,V6,47535.15,4654988,3/20/2024
LTD Crown Victoria,Ford,1GD01ZCG4EF026918,Teal,Genderqueer,1986,135224,no,V6,6632.89,68904633,8/1/2024
Savana,GMC,5FRYD3H23EB298033,Aquamarine,Female,2010,111855,no,V6,18095.37,46695472,5/10/2024
Savana 3500,GMC,1FADP3E23DL181596,Crimson,Male,1999,123723,si,V12,7437.87,83176099,4/26/2024
Skylark,Buick,KMHTC6AD1DU767830,Goldenrod,Male,1989,151359,si,V6,44775.61,29625985,1/11/2024
Firebird,Pontiac,1FA6P0G70F5532357,Teal,Non-binary,1996,156241,no,V12,20700.37,93145381,9/5/2024
Bronco,Ford,1G6DH8E51D0696566,Khaki,Female,1989,184608,si,V6,30787.99,71523888,7/17/2024
Swift,Suzuki,WAUEH94F18N309621,Yellow,Male,1993,187980,si,V8,44877.02,92715282,1/3/2024
Express 2500,Chevrolet,5BZBF0AA2FN730759,Red,Female,2010,62273,no,V6,47849.07,56769882,7/28/2024
Cutlass Cruiser,Oldsmobile,WBA3V9C55F5740856,Mauv,Male,1994,41985,no,Inline-6,40572.56,47867828,12/28/2023
MR2,Toyota,1FMCU0C77AK043355,Turquoise,Male,1986,60623,no,Inline-4,8628.07,7402973,10/20/2024
B-Series,Mazda,1LNHL9DK8DG273514,Crimson,Male,1998,51342,no,V6,19999.22,13806932,4/17/2024
XL-7,Suzuki,WBABN53453J455055,Purple,Male,2004,76305,no,Inline-6,46559.65,15402224,11/4/2024
Mulsanne,Bentley,WVGAV3AX6DW164306,Puce,Agender,2011,113158,si,Inline-6,44139.06,87150328,5/12/2024
Verona,Suzuki,1FMJK1J52AE677515,Khaki,Male,2006,172662,no,V12,47124.01,18151591,9/23/2024
Outback,Subaru,JHMFA3F22AS840156,Turquoise,Male,2005,179045,no,Inline-4,40214.61,9683781,4/4/2024
Enclave,Buick,WA1AV94L99D921695,Crimson,Female,2008,76948,no,V12,22485.16,1462698,8/2/2024
Sierra 2500,GMC,3G5DA03E14S564008,Maroon,Female,1999,174526,no,V12,41497.88,41533183,4/22/2024
RX,Lexus,1GD02ZCG3DF485871,Teal,Male,2001,67522,si,V8,8251.9,43460282,10/20/2024
Grand Prix,Pontiac,19UUA9F57EA159140,Pink,Bigender,1994,136649,si,V6,47246.75,50134259,10/1/2024
Corvette,Chevrolet,SCBCP73W78C241696,Blue,Female,1986,101245,si,V8,28742.92,74913098,3/11/2024
Park Avenue,Buick,5J6TF2H51DL798868,Orange,Female,1991,113804,si,V8,35434.8,72535566,1/11/2024
CX,Citroën,1G6AK5SX1D0805925,Mauv,Female,1974,137552,no,Inline-4,48143.15,33490786,3/20/2024
Diablo,Lamborghini,1FTSW2B50AE676932,Red,Female,1996,70900,no,Inline-6,6136.14,18577120,8/4/2024
E-Series,Ford,WA1WMAFE5DD688092,Mauv,Female,1995,68162,no,V8,16875.38,51265839,6/12/2024
Eclipse,Mitsubishi,JN8AF5MRXCT412393,Maroon,Male,1994,33495,no,Inline-4,10490.1,12119449,5/3/2024
RX-7,Mazda,1G4CW54K754993349,Teal,Male,1992,35297,no,V12,20951.13,59903280,7/18/2024
Mirage,Mitsubishi,2HNYD18693H184497,Blue,Male,1996,37144,si,Inline-4,24755.49,49877787,5/24/2024
Swift,Suzuki,WAUVF98K09A036841,Red,Male,2006,31813,no,V6,47513.26,71840633,6/19/2024
Ranger,Ford,2G4GT5GR2C9305450,Puce,Male,1997,71776,no,Inline-4,23900.32,61338237,6/27/2024
F-Series,Ford,5UXFA13586L884182,Maroon,Female,2007,2718,no,V6,18558.26,8302204,5/29/2024
Touareg,Volkswagen,5UXWX5C5XCL675799,Aquamarine,Female,2008,114921,no,V8,49648.52,22028797,7/26/2024
Dakota Club,Dodge,JM1NC2EFXA0039119,Puce,Female,2007,134276,si,V8,13271.97,95223149,9/17/2024
LS Hybrid,Lexus,3D73Y4CL1BG128626,Fuscia,Male,2012,192620,no,Inline-6,38627.38,72066960,1/19/2024
RX Hybrid,Lexus,2B3CJ4DV2AH009997,Red,Female,2006,166352,si,V6,11841.0,96051901,6/30/2024
Sierra 2500,GMC,2T1BURHEXEC674509,Fuscia,Male,2006,129764,si,V6,23212.16,84150683,1/14/2024
S-Class,Mercedes-Benz,JN1AZ4EH8EM427915,Purple,Genderfluid,2002,43036,si,V12,42490.59,79062133,9/13/2024
Monte Carlo,Chevrolet,YV440MBK0F1512395,Aquamarine,Female,2003,190988,no,V12,46054.31,56735544,9/11/2024
Seville,Cadillac,JTJBC1BA4C2266896,Violet,Male,1994,71126,si,Inline-6,39003.34,19910553,9/23/2024
G-Class,Mercedes-Benz,JN8AZ2KR7AT836278,Indigo,Male,2006,148182,si,V6,37527.31,51286576,1/10/2024
XC90,Volvo,WBANE53576B698113,Red,Female,2008,154219,no,V12,25871.35,61850014,8/1/2024
Mighty Max Macro,Mitsubishi,5XXGM4A78EG662632,Red,Male,1993,194979,no,V6,36411.05,86330223,11/25/2023
C-Class,Mercedes-Benz,1G6AM5S37D0824986,Red,Female,2004,1030,si,V8,14819.65,27859448,12/25/2023
GTO,Pontiac,WAUHFBFL8CN220277,Maroon,Female,1971,34923,si,V8,46915.82,58342459,4/20/2024
Discovery Series II,Land Rover,2G4GS5GX8F9689112,Fuscia,Male,1999,126036,no,V8,17749.76,96234158,4/6/2024
T100,Toyota,WBANV93598C864880,Khaki,Male,1998,761,si,V12,44261.31,3768452,6/11/2024
GS,Lexus,4JGCB2FEXBA860129,Goldenrod,Male,2000,71677,no,V6,47088.63,92890623,3/1/2024
Passport,Honda,1GYFC13259R911190,Khaki,Male,1996,20037,no,V6,41516.48,30507300,7/24/2024
S40,Volvo,1G4HD572X7U930434,Purple,Female,2003,104471,no,V8,38426.51,42553459,2/1/2024
Avenger,Dodge,1FADP5AU8EL503573,Pink,Female,1997,191517,no,V8,16220.95,84710152,4/26/2024
7 Series,BMW,1FBNE3BL7CD944960,Goldenrod,Genderqueer,2011,66596,no,V6,45070.99,61200247,10/14/2024
E-Class,Mercedes-Benz,1FT7W2A68EE074785,Red,Female,1994,73757,no,V6,32630.17,2813128,2/17/2024
Five Hundred,Ford,1GTCSBD93A8447436,Turquoise,Female,2007,125946,si,Inline-6,45325.61,95965378,11/16/2023
TundraMax,Toyota,JHMFB4F24CS344295,Yellow,Female,2008,78914,si,Inline-4,23449.19,28543086,10/28/2024
GTO,Mitsubishi,WAUGL68E55A294390,Maroon,Female,1991,106109,no,V12,38399.21,4061214,2/24/2024
Sentra,Nissan,WBAYA6C55FD326479,Blue,Female,2002,155877,no,Inline-6,31662.62,80314810,9/7/2024
Grand Cherokee,Jeep,3C6TD4MT1CG339726,Purple,Male,2008,159816,no,V6,29959.31,21804233,1/13/2024
Metro,Geo,WP0AA2A98DS384971,Orange,Male,1997,5170,no,Inline-4,16782.9,39774341,5/31/2024
LeBaron,Chrysler,WAULD64BX3N118514,Violet,Female,1992,73865,no,Inline-6,10167.5,92706625,2/11/2024
Ghost,Rolls-Royce,1G6KP5E96AU435742,Crimson,Female,2012,187579,si,Inline-6,27754.64,77517239,12/19/2023
Flex,Ford,5N1AR1NB6CC775816,Turquoise,Male,2010,188192,no,Inline-6,19200.25,95226873,3/8/2024
Outlander,Mitsubishi,3VWF17AT4FM331630,Green,Male,2012,74243,si,Inline-6,34736.79,41880756,1/1/2024
Explorer,Ford,2G4WF551921597434,Violet,Female,2013,177009,si,V12,43119.35,20481715,1/25/2024
Gallardo,Lamborghini,SCFEBBAC9AG419253,Blue,Female,2009,110131,no,V12,40772.19,13393238,4/20/2024
9-2X,Saab,WBAYF4C58ED599954,Turquoise,Female,2006,129121,no,V8,45552.03,96889122,11/27/2023
Sebring,Chrysler,2T3BFREV6FW770711,Yellow,Male,1999,68597,si,V12,7801.08,17919894,6/4/2024
XJ Series,Jaguar,5UMCN93442L872227,Puce,Female,2001,77355,no,V8,32147.59,88892337,5/19/2024
SC,Lexus,2G4WD532351327086,Crimson,Male,2008,152344,no,Inline-6,18221.34,1649368,9/14/2024
Vibe,Pontiac,5YMGZ0C56D0241246,Turquoise,Male,2010,51256,si,V12,38730.94,23290032,1/11/2024
Solstice,Pontiac,WA1WMAFE1FD868706,Red,Male,2007,12145,no,V12,21178.12,79186216,7/7/2024
Montero,Mitsubishi,WAUEV94F97N105785,Indigo,Female,2004,6374,si,Inline-6,47263.45,20932908,9/8/2024
Quattro,Audi,5TDDCRFH2FS385223,Fuscia,Male,1992,129316,si,V12,34004.2,25296392,9/25/2024
Firebird,Pontiac,1G4GB5GRXCF371691,Pink,Genderfluid,1992,21050,si,Inline-4,33609.78,43456062,5/16/2024
F-Series Super Duty,Ford,3GYFNKE45AS822767,Turquoise,Female,2010,166076,no,V6,41216.74,67923395,9/13/2024
Liberty,Jeep,1N6AA0CA6EN973722,Maroon,Genderqueer,2005,122931,no,Inline-6,49442.68,20036519,9/19/2024
Bronco,Ford,19UUA56962A517366,Orange,Female,1994,113806,si,Inline-4,31064.45,37126023,1/24/2024
Civic,Honda,WAUWMAFC4EN923336,Crimson,Male,1990,191163,si,V12,25843.54,42504498,10/17/2024
Probe,Ford,1FMNE1BW7AD481995,Indigo,Female,1995,159528,no,Inline-4,37517.78,15404881,6/6/2024
Savana 2500,GMC,WA1CMAFP6FA691737,Mauv,Female,2012,145326,no,V8,44991.13,7799912,9/12/2024
Corvette,Chevrolet,WBASN2C55BC917995,Green,Male,1996,154430,si,V6,34547.28,95881822,11/9/2024
TSX,Acura,YV1672MC0BJ715258,Teal,Male,2008,44465,si,V8,24449.54,92688754,4/11/2024
Escape,Ford,WDDGF4HB9ER101394,Purple,Male,2005,139652,no,V8,15341.98,39882742,8/14/2024
Probe,Ford,JTHBK1EG5C2277636,Mauv,Male,1990,126611,no,V12,39978.05,112363,4/17/2024
Pathfinder,Nissan,WAUKH74F87N863180,Green,Male,1992,69486,si,V6,32600.45,73831938,9/10/2024
RX-8,Mazda,SALME1D43CA491015,Khaki,Male,2008,38296,si,V6,34821.63,86247404,9/7/2024
Veyron,Bugatti,1N6AA0EJ7FN063723,Blue,Male,2011,47270,no,V12,45922.64,41545757,7/12/2024
MX-5,Mazda,4A31K5DF9CE252179,Fuscia,Male,1994,164029,no,V8,11978.95,67162913,5/6/2024
Econoline E150,Ford,WAUVT58EX2A183315,Maroon,Male,1996,150624,si,V6,29888.71,83746142,11/2/2024
Vibe,Pontiac,3C63DRGLXCG226639,Red,Female,2005,166938,si,V6,15228.11,69052972,3/16/2024
XJ Series,Jaguar,KMHCM3AC0BU867076,Yellow,Male,1999,85565,no,V12,8616.21,34355604,6/29/2024
Scirocco,Volkswagen,5N1AR2MM4DC236993,Pink,Male,1984,133641,no,V6,22581.71,48652711,11/2/2024
Neon,Dodge,1G4GB5GR1EF471018,Puce,Male,1999,145486,si,V12,25192.73,16581126,3/9/2024
Ram Wagon B150,Dodge,JTEBU4BF6EK476797,Fuscia,Female,1994,101324,no,V8,48300.4,40772286,10/1/2024
Spectra,Kia,3N1BC1CP2CK140016,Crimson,Female,2000,159158,no,Inline-4,26009.55,63876640,6/27/2024
Town Car,Lincoln,3VWML7AJ9CM016754,Maroon,Female,1993,133512,no,Inline-6,24216.03,44520375,10/22/2024
Savana 2500,GMC,WDBWK5JA7BF921221,Orange,Male,2012,88814,no,V6,21589.81,35272442,1/14/2024
Monte Carlo,Chevrolet,WAUNF68P06A890234,Turquoise,Female,1998,67727,si,V6,33813.72,21766420,9/16/2024
Wrangler,Jeep,5FRYD4H87EB934768,Maroon,Male,1999,137303,no,Inline-6,38870.44,55747768,1/5/2024
Caravan,Dodge,WBAEK13436C916485,Aquamarine,Female,2001,9092,si,V6,5043.88,45719154,5/4/2024
Elantra,Hyundai,SAJWA4EC7FM203617,Puce,Male,2013,97727,no,Inline-6,24277.59,53538967,2/5/2024
Grand Prix,Pontiac,WVGAV3AX6DW342988,Indigo,Female,1986,129672,si,Inline-4,26866.83,69133673,8/5/2024
Yukon XL 2500,GMC,19UUA66277A425232,Green,Male,2007,86336,si,V6,41872.68,56138509,10/3/2024
IS,Lexus,3C63DRHL8CG028611,Mauv,Female,2002,35007,si,V6,14510.38,61974952,4/2/2024
Acadia,GMC,5UXWX9C5XE0115566,Crimson,Male,2010,198720,no,Inline-4,8071.44,60590683,4/10/2024
Corolla,Toyota,KNAFU5A26D5104316,Crimson,Female,2006,50062,no,V6,21664.19,75530181,6/9/2024
C-Class,Mercedes-Benz,WAULFAFH5DN238169,Violet,Male,2005,101535,si,Inline-4,9376.48,15345938,2/4/2024
Forester,Subaru,SCFEBBAK4EG714306,Maroon,Female,2001,3588,si,V8,19491.18,48403056,11/12/2024
Cabriolet,Volkswagen,2C3CA6CT2BH217992,Mauv,Male,1987,194215,si,V12,37559.25,86080342,10/12/2024
Seville,Cadillac,SCBBR93W08C748022,Violet,Female,1997,11986,si,Inline-6,44550.27,42301785,5/8/2024
H1,Hummer,WAUDL94F05N611472,Khaki,Male,2000,39881,si,V6,20280.3,79261011,5/1/2024
Regal,Buick,1GYS4DEF3ER385262,Turquoise,Female,1993,38003,no,V12,19052.41,50282861,11/11/2024
Town & Country,Chrysler,YV4902BZ4C1116814,Fuscia,Female,2000,115804,no,Inline-4,21107.42,13211157,9/16/2024
rio,Volkswagen,3GYFK66N45G821951,Red,Male,2001,82863,no,Inline-4,25970.96,3142850,11/17/2023
Safari,Pontiac,WAUHFAFLXDA911314,Turquoise,Male,1986,30315,no,V12,26853.14,72908117,8/10/2024
1500,GMC,2C3CCACG9CH277642,Blue,Female,1996,64649,no,V12,47704.8,32975734,5/29/2024
Suburban 1500,Chevrolet,1FTWF3A59AE529338,Puce,Female,1996,126653,no,V8,21736.98,7313876,9/28/2024
Familia,Mazda,KMHFC4DF8AA113306,Orange,Male,1988,143454,si,V6,7592.92,55442201,8/26/2024
XK Series,Jaguar,19UUA76688A711665,Yellow,Female,2001,36385,si,Inline-6,26010.82,20084563,7/28/2024
Type 2,Volkswagen,WBA3R1C57FF165711,Purple,Male,1989,3883,si,Inline-6,17943.84,57046456,4/17/2024
Grand Prix,Pontiac,WDDGF4HB1CR776461,Green,Male,1969,172255,si,V6,16900.79,91501483,9/28/2024
CR-V,Honda,WBA3R1C5XFK179318,Red,Female,2003,1047,si,Inline-4,33761.6,66007807,12/16/2023
Outlander,Mitsubishi,1GKKRNED1EJ500276,Maroon,Female,2011,120126,si,Inline-6,25149.16,35368817,10/8/2024
3500 Club Coupe,GMC,WBA3B9C59FP700230,Yellow,Female,1997,127929,no,V8,39621.61,21744038,5/14/2024
Voyager,Plymouth,1C3CDZABXEN918696,Yellow,Agender,1994,98537,si,V12,43562.22,75469323,3/31/2024
Lancer,Mitsubishi,WBAXA5C57FD283446,Mauv,Male,2008,26579,si,V6,32857.53,39063473,3/20/2024
Forester,Subaru,WBA3A9C53DF871268,Crimson,Female,2008,136501,no,V8,21909.65,27384674,3/29/2024
Esprit,Lotus,3D4PH1FG2BT660857,Red,Bigender,1992,84546,no,V12,12215.13,40915293,8/20/2024
E-Series,Ford,3N1BC1CPXCK078770,Blue,Female,1996,62092,no,V8,16571.01,67879829,8/13/2024
Dakota Club,Dodge,3LN6L2G97ER332120,Green,Female,2004,151382,no,Inline-6,11864.07,65887718,12/1/2023
Esprit,Lotus,SCBBB7ZH4DC524859,Red,Female,1992,169661,no,V6,7872.51,16168473,7/22/2024
XL-7,Suzuki,JN8AZ1MU1CW536927,Indigo,Female,2006,118561,no,V12,28693.03,5248874,7/14/2024
Montego,Mercury,1N6AA0EC6FN459238,Indigo,Female,2007,20153,si,Inline-4,32765.94,25836710,1/13/2024
Biturbo,Maserati,WVWGU7AN8CE185721,Fuscia,Male,1987,157442,si,V12,5172.97,86477751,10/12/2024
Sierra 1500,GMC,SALVP2BG7FH160788,Mauv,Bigender,2005,100076,no,V12,30054.75,33613544,12/12/2023
900,Saab,WBAAV33441E614640,Aquamarine,Male,1985,63037,si,V8,7805.19,21147951,6/6/2024
VehiCROSS,Isuzu,WBALM7C5XEE969166,Teal,Female,2000,73278,si,V12,15388.48,13112987,2/22/2024
F-Series Super Duty,Ford,JN1BJ0HR1DM873296,Yellow,Non-binary,2008,30054,no,V8,41183.48,16371228,12/16/2023
GS,Lexus,SCBZB25E32C559578,Fuscia,Female,1994,92593,no,V12,5671.78,68307522,8/15/2024
Xterra,Nissan,1G6KA5E68BU502415,Violet,Female,2009,176231,si,V12,8611.2,40993081,9/21/2024
Mariner,Mercury,WAUKF98E08A812624,Goldenrod,Male,2006,45020,no,Inline-6,7665.77,76766466,9/13/2024
3000GT,Mitsubishi,2C3CDYAG6CH229315,Pink,Genderfluid,1998,35623,si,V6,28717.53,94826559,3/8/2024
Lynx,Mercury,KNADH4A31B6060537,Maroon,Male,1987,103892,si,Inline-6,20119.11,21399293,12/19/2023
Mustang,Ford,1N6AD0CU4AC714234,Turquoise,Male,2012,119537,si,V6,38319.6,54710927,8/24/2024
H3T,Hummer,5J6TF1H31EL632649,Orange,Male,2009,105132,no,V12,39391.69,46661128,6/18/2024
Diablo,Lamborghini,1GYEC63887R641527,Turquoise,Polygender,1996,67138,si,Inline-6,8129.94,95966848,7/8/2024
RAV4,Toyota,1GYUCCEF6AR139239,Mauv,Genderqueer,2005,3302,no,Inline-4,29298.36,1168354,11/3/2024
W201,Mercedes-Benz,1G6EC12942B665766,Violet,Male,1988,161966,no,V12,15026.65,5370926,12/30/2023
Grand Marquis,Mercury,1G6AG5RX7D0837947,Khaki,Bigender,2005,171866,si,Inline-4,19938.93,94686959,10/29/2024
M3,BMW,WBA3B3C5XDJ776391,Fuscia,Male,1995,41934,si,Inline-4,11736.04,93164381,10/15/2024
Silverado,Chevrolet,WAUEFBFL7EA746168,Mauv,Female,2002,16006,no,V6,24883.06,8113133,3/20/2024
500E,Mercedes-Benz,WBADT53471C273745,Red,Male,1993,197514,no,V6,39036.72,27255904,5/24/2024
Integra,Acura,JH4CU2E69AC438217,Turquoise,Female,1995,3431,si,Inline-4,9997.84,96335097,12/25/2023
Sentra,Nissan,JM1GJ1T61E1663757,Aquamarine,Male,1998,48675,si,V8,9167.28,7654673,1/26/2024
Tercel,Toyota,WBANV1C53AB959643,Blue,Female,1992,181745,no,Inline-4,10696.79,71797818,8/9/2024
Discovery,Land Rover,JHMGE8G31BC483920,Green,Agender,2001,16526,si,V8,27545.66,39209576,1/4/2024
XK,Jaguar,1FTNS2EW1AD976644,Orange,Agender,2011,70139,si,Inline-4,37217.04,19315304,12/24/2023
SC,Lexus,YV4902DZ9B2366054,Teal,Polygender,1992,130111,no,V12,46931.6,16641551,5/11/2024
Veracruz,Hyundai,WDDLJ7DB7DA818779,Blue,Female,2012,197113,no,V8,27340.56,94136095,2/1/2024
Seville,Cadillac,5FRYD3H99GB787827,Pink,Female,1999,23313,no,V12,8947.0,10315759,12/7/2023
CL-Class,Mercedes-Benz,WVGEG9BP8DD584156,Indigo,Genderfluid,2006,101794,no,V12,19886.72,12021211,5/26/2024
Bonneville,Pontiac,WAUHMAFC0EN546786,Puce,Female,1992,33932,si,V6,44743.21,97567071,5/30/2024
Sequoia,Toyota,JTHBE5C2XC5304754,Orange,Female,2009,46927,si,Inline-4,37655.39,52908728,12/18/2023
Ranger,Ford,YV1952AS0E1768979,Teal,Male,2010,80645,no,V6,12599.79,5993688,5/13/2024
Ram Van B350,Dodge,SCFAB42372K869166,Teal,Female,1993,158534,no,V12,10924.34,15132852,3/15/2024
LR2,Land Rover,3VW8S7AT6FM654308,Crimson,Female,2008,83554,si,Inline-4,22167.57,9231290,8/16/2024
Econoline E150,Ford,3GTXKYEJ3AG584173,Indigo,Male,2002,188310,no,V6,23746.08,69027040,12/29/2023
Maxima,Nissan,5N1AT2MLXFC774304,Yellow,Female,2003,162083,si,Inline-6,36532.45,27368230,4/25/2024
CL,Acura,WBAVA33548F382891,Turquoise,Non-binary,1999,123096,no,V8,17734.66,74434752,6/26/2024
6000,Pontiac,WAUKGAFB7AN824890,Teal,Male,1987,41569,no,Inline-6,17142.06,7747422,4/23/2024
GX,Lexus,SCFFDABE6AG946563,Goldenrod,Female,2012,199179,no,Inline-4,37587.26,10752768,6/14/2024
323,Mazda,1G6KP5E94AU194411,Puce,Female,1995,31262,si,Inline-4,49832.24,3041263,6/17/2024
Colorado,Chevrolet,2G4WB55K341869452,Blue,Female,2012,67301,si,V12,36711.73,14257718,1/19/2024
Biturbo,Maserati,JN1CV6EK8DM475781,Crimson,Female,1984,88121,si,V6,29054.57,25137592,8/11/2024
62,Maybach,WBANV13599C026285,Orange,Male,2011,62354,no,V8,45496.96,110723,8/19/2024
Grand Am,Pontiac,1N6AF0KY9FN368448,Purple,Male,1990,1751,no,Inline-6,11260.4,33951777,10/5/2024
3500,Chevrolet,2C3CCABG2DH380467,Puce,Agender,1997,8362,no,V8,23666.78,49671116,5/18/2024
929,Mazda,JM1CR2W39A0454040,Green,Male,1992,71247,si,V12,31463.37,36683637,6/22/2024
Rapide,Aston Martin,JTEBU5JR9F5524908,Red,Male,2011,101533,no,V12,36856.73,73965067,9/30/2024
Sierra 1500,GMC,YV1672MK1C2993069,Red,Male,2000,101231,no,V8,43709.75,44484315,9/30/2024
Eurovan,Volkswagen,KMHTC6ADXDU300535,Violet,Male,1995,142945,no,V12,47709.22,37607966,5/14/2024
XK Series,Jaguar,WBAFB33431L473490,Teal,Male,1998,118961,si,Inline-6,12224.6,72372886,8/26/2024
Dakota Club,Dodge,WAUWFAFR2AA200519,Blue,Female,2006,96634,no,V8,14943.12,70136258,9/23/2024
Xtra,Toyota,1N6AA0CH6DN366103,Pink,Male,1993,190633,no,Inline-6,47496.12,60953136,8/28/2024
Accent,Hyundai,KNADN5A3XF6796123,Green,Female,2003,88663,no,V6,18056.18,12259880,3/15/2024
Grand Caravan,Dodge,WBAUC9C58DV435116,Maroon,Male,2006,62372,no,V12,37169.04,60814770,10/1/2024
Cougar,Mercury,JTDKN3DP4C3117523,Goldenrod,Genderfluid,1970,67262,si,V8,7887.48,35030137,3/21/2024
Baja,Subaru,1G4HE57Y08U795693,Yellow,Female,2004,183127,no,Inline-4,12045.46,16780065,1/19/2024
MPV,Mazda,3D7TP2HT6AG954693,Green,Male,1989,72516,si,V12,47385.63,87272965,10/27/2024
Boxster,Porsche,WAULC68E95A463535,Teal,Male,2000,136629,no,V6,21835.76,56686464,4/25/2024
9-7X,Saab,WAUHF78P37A350655,Orange,Bigender,2006,21185,si,V6,33370.31,40024414,6/1/2024
Outlander,Mitsubishi,WBA4A9C52FD592140,Goldenrod,Non-binary,2007,37982,si,Inline-6,19847.21,56110267,11/17/2023
6 Series,BMW,KMHFH4JG3EA152082,Blue,Male,2005,110606,no,Inline-4,12417.46,54025521,2/3/2024
XJ,Jaguar,3FAHP0KC3AR988940,Orange,Female,2008,155921,si,V8,40881.78,11893753,1/31/2024
6 Series,BMW,WAUKF98E58A109293,Crimson,Male,2012,13080,si,Inline-6,16287.22,96795233,1/1/2024
E-Class,Mercedes-Benz,1G6YV34AX55845928,Blue,Male,1989,199292,no,Inline-6,26610.57,25553924,11/24/2023
Aztek,Pontiac,3FADP4AJXFM654270,Maroon,Female,2001,21328,si,V6,17054.14,41549727,3/9/2024
5000S,Audi,WA1GFCFS9FR596425,Maroon,Female,1985,16730,no,Inline-4,30220.6,28085177,1/5/2024
600SEL,Mercedes-Benz,SALFR2BG8FH727105,Yellow,Polygender,1992,140651,si,Inline-4,19433.91,2529927,10/15/2024
Town Car,Lincoln,2FMDK4KC4AB007102,Fuscia,Female,2004,49540,si,V8,17536.66,10178877,12/12/2023
Park Avenue,Buick,WAUNG94FX9N836237,Fuscia,Male,1991,197092,no,V8,38425.17,38530859,7/1/2024
Endeavor,Mitsubishi,1D7CE3GK8AS691684,Teal,Male,2010,188377,si,V6,44899.54,65652648,8/1/2024
Raider,Mitsubishi,1G6AL5SX9D0966746,Teal,Female,2006,36293,si,V6,34531.0,95783498,3/1/2024
Excursion,Ford,WBAEN33473E518621,Khaki,Female,2003,166166,si,Inline-4,13166.41,89965101,12/20/2023
1500 Club Coupe,GMC,1G4HP54K144652207,Teal,Female,1999,189872,si,Inline-6,20299.56,25451976,3/23/2024
Highlander,Toyota,1C3CDFCA1DD683774,Teal,Male,2006,57946,no,Inline-6,11690.51,87794261,10/15/2024
X5 M,BMW,3VWML7AJ3BM894551,Teal,Male,2013,174676,si,V6,48156.94,44679754,8/24/2024
Cayman,Porsche,2G4WE587271867176,Crimson,Female,2012,68111,no,Inline-6,49573.1,56616295,5/12/2024
Tribute,Mazda,WVWED7AJ3BW418630,Goldenrod,Male,2009,85408,no,V8,34022.63,8196024,3/13/2024
Pajero,Mitsubishi,JN8AE2KP6B9904207,Mauv,Female,1990,16815,si,V12,30888.48,64269744,7/19/2024
Sephia,Kia,1G6AC5SX2D0342870,Mauv,Male,1999,107821,no,V8,35269.27,81191218,2/3/2024
Range Rover,Land Rover,WBAUP93548V422230,Aquamarine,Male,2012,150330,no,Inline-4,22763.11,28295568,2/14/2024
Armada,Nissan,WVGEF9BP8ED327325,Aquamarine,Female,2006,56302,no,V8,12850.62,56302420,4/28/2024
Ram Wagon B150,Dodge,1G6DE8E58D0036923,Turquoise,Non-binary,1994,110442,si,Inline-6,31291.34,72841214,12/29/2023
Econoline E250,Ford,2B3CK3CVXAH874905,Purple,Female,2000,67854,si,Inline-4,37787.59,82029057,10/29/2024
C-Class,Mercedes-Benz,1GTN1TEX8BZ764302,Yellow,Female,2011,100137,si,Inline-4,38680.09,16747942,11/12/2024
Metro,Geo,1G4PS5SK5E4536989,Pink,Male,1992,101010,no,V6,49157.36,81970893,3/31/2024
Continental,Lincoln,1B3CB3HA9BD025157,Mauv,Female,2002,23941,no,V6,13457.2,4448615,5/9/2024
Altima,Nissan,JM1NC2LF2D0613798,Turquoise,Female,1997,60397,si,Inline-6,42844.55,76151758,9/11/2024
911,Porsche,1GD312CGXBF743419,Blue,Female,1998,85301,si,Inline-4,19708.27,65072269,5/18/2024
S10,Chevrolet,1D4PT5GK4AW771492,Goldenrod,Female,1995,24391,no,V6,21415.86,36014839,8/29/2024
Corsica,Chevrolet,WAUVT68E05A013281,Fuscia,Male,1995,76977,no,Inline-4,12492.67,69183645,4/22/2024
300,Chrysler,1G4HJ5EM7AU783459,Fuscia,Male,1999,12131,no,Inline-4,26647.2,88797219,11/24/2023
Suburban 1500,Chevrolet,3TMJU4GN4AM546879,Pink,Female,1997,131853,no,V8,17497.99,63500671,7/4/2024
Tundra,Toyota,1GT01ZCG4CF526482,Red,Male,2005,164065,no,Inline-4,42377.92,34563831,2/16/2024
Z4 M,BMW,WBAAV53471F249098,Turquoise,Polygender,2009,18483,no,V6,42877.73,32211280,3/9/2024
Focus,Ford,3D73M4HL4AG809348,Yellow,Male,2002,26632,si,V6,29921.49,88369036,7/16/2024
Dakota Club,Dodge,JM1NC2PF5F0345973,Goldenrod,Female,2006,114972,si,Inline-6,8672.24,28266659,6/10/2024
S-Type,Jaguar,SCFFDABM1EG075259,Teal,Male,2003,123375,si,Inline-4,43739.35,54169277,7/20/2024
Corvair,Chevrolet,WBAVB73547F729705,Orange,Male,1960,95032,no,Inline-6,34464.86,6939823,6/19/2024
Ram 2500 Club,Dodge,WA1VFAFL5DA525285,Pink,Bigender,1997,91666,si,V12,9150.78,20994704,12/27/2023
Matrix,Toyota,1GYS3CEF4ER232354,Blue,Male,2010,142845,no,Inline-6,42085.53,69375128,6/11/2024
W126,Mercedes-Benz,1FMCU0C7XBK662856,Indigo,Female,1981,91361,si,Inline-4,28906.13,45319730,6/22/2024
Sportage,Kia,1G6AD5SX0D0492618,Blue,Male,2010,156223,no,V12,39492.09,12674726,6/1/2024
Cordia,Mitsubishi,19UYA42643A311939,Pink,Female,1985,21950,si,Inline-4,23497.37,88301623,11/11/2024
Yaris,Toyota,1G6DC8E59C0377560,Orange,Male,2007,183247,no,V12,27984.86,92607339,2/1/2024
LS,Lincoln,1N4AA5AP5EC954698,Orange,Male,2005,12208,no,Inline-4,11211.87,60437748,12/3/2023
5000CS Quattro,Audi,WA1LMBFE8DD837605,Green,Male,1986,87845,si,V6,14183.94,22714806,3/23/2024
90,Audi,2T1BURHE9FC071293,Red,Female,1994,24473,no,V8,27693.91,78826938,10/3/2024
Range Rover,Land Rover,1FADP5CU9EL599890,Turquoise,Female,1995,162872,si,V8,36976.8,51678376,7/1/2024
928,Porsche,3C63D3HL2CG732901,Fuscia,Male,1994,161716,no,V8,7983.52,1188773,2/26/2024
Canyon,GMC,WAUWGAFC6DN236946,Orange,Male,2009,181194,no,Inline-6,38653.56,33897331,9/20/2024
Q,Infiniti,1G6DG5EY1B0114183,Violet,Genderqueer,1997,5168,si,Inline-6,42117.56,38928675,9/23/2024
Grand Marquis,Mercury,WAUWGBFC9EN788982,Khaki,Male,1999,101861,no,V12,49145.47,62654403,12/18/2023
CLK-Class,Mercedes-Benz,WAULK78K69N688900,Crimson,Female,2003,138705,no,V12,23921.17,57444506,2/18/2024
Astro,Chevrolet,WAUHE98P29A774149,Crimson,Male,1996,173723,no,V6,32223.43,55956504,2/18/2024
Eclipse,Mitsubishi,1G6DW677060617741,Turquoise,Female,2001,86849,si,Inline-6,41402.44,93206419,12/13/2023
Cooper,MINI,1GYFK438X8R025034,Maroon,Male,2003,89899,no,V8,32955.87,41013076,11/4/2024
Montero,Mitsubishi,2HNYD28808H607739,Indigo,Female,2001,39781,si,V8,27933.28,6281136,2/9/2024
A8,Audi,WAUAFAFL6AN730569,Indigo,Male,2010,157638,no,V6,6411.77,49177383,1/24/2024
ES,Lexus,1G6KD5EY4AU084457,Yellow,Female,1990,109418,si,Inline-6,39027.99,93755378,9/12/2024
Freestar,Ford,WUADUAFG4BN146734,Red,Female,2003,24978,no,Inline-4,28964.28,20001851,9/15/2024
7 Series,BMW,1D4RE4GG9BC468445,Blue,Female,2004,75771,si,V8,16497.59,23862344,8/16/2024
Sebring,Chrysler,1FAHP3HN8AW145257,Pink,Female,1998,175214,si,V12,5790.67,18685721,4/9/2024
Jetta,Volkswagen,KNADH4A32B6235636,Green,Female,1987,93240,si,Inline-6,10578.2,53695154,4/6/2024
850,Volvo,2T1KE4EE5CC281647,Violet,Female,1993,198914,no,V6,8008.68,72516115,4/30/2024
Rio,Kia,1G6AY5S34E0218020,Purple,Male,2003,147374,si,V6,38975.95,82587878,3/17/2024
Firebird,Pontiac,WUADNAFG6BN663451,Green,Female,1969,69923,no,Inline-6,28325.3,54948354,8/18/2024
S10,Chevrolet,WBAAZ33473K086052,Mauv,Male,2004,197363,si,V6,37181.19,35432124,6/7/2024
New Beetle,Volkswagen,WBAHN83566D082048,Maroon,Genderfluid,2007,4326,si,V12,21792.03,28842513,7/3/2024
Rodeo,Isuzu,WBA3D3C52FK393164,Orange,Female,2000,173292,no,V8,49190.23,76551772,11/12/2024
Cavalier,Chevrolet,1GYS3HEF6CR471995,Goldenrod,Male,2005,150932,si,Inline-6,27611.05,56655259,9/16/2024
Golf,Volkswagen,1FTEW1CMXEF759846,Khaki,Agender,2002,60492,si,V6,12461.19,47108197,12/8/2023
Golf,Volkswagen,WP1AA2A28CL136999,Maroon,Female,1995,23416,si,V8,42031.93,86160369,11/17/2023
M,Infiniti,WVGAV7AXXAW168541,Orange,Male,2004,187542,no,V8,45594.99,79860164,11/19/2023
3 Series,BMW,19UUB2F72FA108183,Puce,Male,1992,44198,no,Inline-4,39115.24,23423322,7/11/2024
M-Class,Mercedes-Benz,WDCGG0EB1EG934861,Pink,Female,2000,98352,si,V8,38060.27,49615526,8/29/2024
TundraMax,Toyota,2C3CCAXJ5DH870020,Mauv,Male,2009,108673,no,V8,6792.83,47174912,11/10/2024
RL,Acura,2C3CCAET4CH393910,Mauv,Male,2001,180174,si,Inline-6,21066.25,66124295,8/27/2024
RDX,Acura,WAUAFAFL7AA792456,Maroon,Male,2011,32756,no,V12,39170.97,91333839,2/11/2024
Thunderbird,Ford,TRUWX28N011804124,Indigo,Male,2005,43657,si,V8,45645.86,4396077,1/22/2024
Viper,Dodge,SCFEBBAK0DG210947,Crimson,Male,2000,27733,no,Inline-4,42771.15,70867680,12/29/2023
V8 Vantage S,Aston Martin,1FTEW1CM1CK344550,Crimson,Male,2012,176199,no,V8,30869.51,98714189,12/30/2023
Tacoma,Toyota,1N6AD0CU3EN112712,Goldenrod,Female,1999,57759,no,Inline-4,48529.76,53412524,12/8/2023
400E,Mercedes-Benz,SCFFDAAM4EG359454,Maroon,Male,1993,131025,no,V12,45710.79,67798986,9/30/2024
SL-Class,Mercedes-Benz,1GYFC56279R114815,Fuscia,Female,1987,166184,si,V12,32727.35,25141049,1/22/2024
300TE,Mercedes-Benz,WAUJC68E95A388648,Khaki,Female,1992,177275,si,Inline-6,10857.13,8771485,12/9/2023
Envoy,GMC,WAUMV94E69N758354,Fuscia,Male,2002,163519,no,V12,19144.16,50204762,8/9/2024
RS 6,Audi,WAUMR94E89N818803,Blue,Male,2003,62425,no,V12,38325.84,81477363,5/5/2024
Grand Am,Pontiac,WBAPH7C58BA296595,Mauv,Female,2005,91833,no,V12,24260.49,46734792,1/12/2024
Firebird,Pontiac,WDDGF4HB8DF664923,Violet,Male,1992,46562,no,Inline-6,26811.34,42576022,4/7/2024
Continental,Bentley,2G4GR5GX1E9141530,Red,Male,2011,167039,no,V8,30211.72,46996263,2/15/2024
Nitro,Dodge,SALAC2D44AA682549,Green,Male,2008,133646,si,V12,32776.81,58215463,8/9/2024
Liberty,Jeep,WAUKF98EX6A581678,Aquamarine,Polygender,2006,95725,si,V12,20063.13,2741260,2/16/2024
300CE,Mercedes-Benz,WA1YL54BX4N953112,Pink,Female,1993,170984,no,Inline-6,35143.87,9336029,11/16/2023
Odyssey,Honda,3D73M3HLXAG021197,Mauv,Male,2010,191560,no,V12,14835.06,96417844,8/11/2024
Insight,Honda,WA1C8BFP7FA984492,Goldenrod,Female,2006,53961,si,Inline-6,7404.17,37599800,4/18/2024
Econoline E350,Ford,WAUPL58E14A416591,Orange,Male,1994,74546,si,V8,25120.35,45856725,4/8/2024
Grand Caravan,Dodge,WAUFFAFLXCN608970,Blue,Female,2008,21459,si,Inline-6,6006.62,18602889,10/17/2024
Silhouette,Oldsmobile,3FA6P0LU7ER374574,Red,Male,2003,114894,no,Inline-6,23590.15,26627926,4/22/2024
Civic,Honda,WAUAH78E76A060301,Aquamarine,Genderqueer,2008,107380,no,V12,16478.43,33441948,2/6/2024
Bonneville,Pontiac,YV4952CY5E1172979,Blue,Female,1990,100619,no,V6,14258.43,10927314,7/21/2024
Pilot,Honda,WVWED7AJ5AW172551,Aquamarine,Female,2011,86942,no,Inline-6,45719.69,99527053,4/25/2024
Cavalier,Chevrolet,WVGDF9BPXED874673,Puce,Female,1999,29570,si,V12,46906.66,42454766,12/14/2023
Escalade,Cadillac,5UXZW0C58D0551584,Purple,Female,2005,138252,no,Inline-4,26879.7,55978433,7/11/2024
G-Class,Mercedes-Benz,WAUDT48H46K882357,Blue,Agender,2009,157869,no,V12,10640.69,23172147,8/9/2024
B-Series,Mazda,1G4GL5E34CF743036,Puce,Male,2001,173143,si,V12,38620.1,1153161,6/8/2024
Firebird,Pontiac,JM1NC2JF1F0672590,Blue,Male,1988,82455,no,Inline-4,10448.08,47110621,1/9/2024
HS,Lexus,1FTEW1E89AK120410,Fuscia,Male,2010,147133,si,Inline-4,48676.37,68172577,7/11/2024
Grand Caravan,Dodge,WVGAV7AX1CW801141,Goldenrod,Male,1995,182507,si,Inline-4,33848.21,65776291,5/5/2024
Diablo,Lamborghini,19UUA56882A860414,Indigo,Male,1999,158983,si,V8,13693.6,69984452,12/10/2023
Seville,Cadillac,1G6KE57Y63U236154,Violet,Female,1996,67258,no,Inline-4,22805.5,58367925,4/26/2024
Ram 2500,Dodge,1GYS3GEF4CR596195,Teal,Male,2001,114926,no,V8,15951.44,49820699,8/29/2024
A8,Audi,1FMEU8FE5AU787297,Red,Agender,2001,83020,si,V12,18179.84,31705035,3/10/2024
V70,Volvo,JA4AS2AW9BU306195,Indigo,Male,2000,87418,si,Inline-4,20617.88,56178704,12/20/2023
Town Car,Lincoln,SALGS2DF3DA221507,Violet,Male,2009,125726,si,V12,15916.61,95754544,10/19/2024
F-Series,Ford,WAUSVAFA9AN233599,Blue,Genderqueer,1993,181317,no,V6,45222.58,49309395,8/18/2024
Impala,Chevrolet,3C3CFFDR3CT394208,Aquamarine,Male,2001,61615,no,Inline-4,10387.43,73264753,4/26/2024
ES,Lexus,3D73Y4CL1BG800894,Crimson,Male,1990,100753,no,V12,45572.31,10627488,1/22/2024
4Runner,Toyota,1GYFK43818R283233,Yellow,Female,2001,20051,no,V6,44470.72,4859180,12/3/2023
5000CS Quattro,Audi,1N6AD0CU6EN718117,Red,Male,1986,151999,si,Inline-4,15027.48,58646058,9/11/2024
Voyager,Plymouth,WBAVA335X7K884973,Crimson,Male,1993,162191,si,V8,45118.77,89249980,9/8/2024
9-3,Saab,JH4KC1F91FC955018,Violet,Male,2012,110415,no,V12,15332.01,85498555,5/24/2024
S80,Volvo,5GAKRAED0CJ947023,Turquoise,Male,2012,88193,no,V12,8010.28,9743878,11/10/2024
626,Mazda,1G6AR5SX6E0243582,Indigo,Non-binary,1999,91008,no,V6,49415.19,58873554,3/18/2024
Rally Wagon G2500,GMC,5J6YH1H32AL386821,Violet,Female,1995,25005,no,V12,29759.68,89906170,12/30/2023
Capri,Mercury,WDDHH8JB7FB256102,Violet,Male,1992,183274,no,V6,15923.59,47970062,4/10/2024
Civic,Honda,4USCK73492L365612,Indigo,Male,1999,20691,si,V12,21640.72,78953095,12/23/2023
Caravan,Dodge,1GD21ZCG4BZ527083,Goldenrod,Male,1985,20576,si,Inline-4,5971.86,97832346,11/21/2023
S-Class,Mercedes-Benz,SAJWA4DCXAM403336,Indigo,Male,1990,129372,no,V8,19652.35,81052319,6/4/2024
530,BMW,1FTSS3EL1AD500781,Khaki,Female,2004,36494,no,V6,29198.48,14037745,3/19/2024
Cabriolet,Volkswagen,1G6DP8E39D0305245,Puce,Female,1990,93110,si,V6,19916.09,36893939,12/17/2023
Mazda5,Mazda,TRUTX28N011131015,Violet,Female,2010,110324,si,Inline-6,29068.44,41392150,1/30/2024
Expo LRV,Mitsubishi,1N6AA0CJ2EN406598,Orange,Agender,1996,74005,si,V12,22898.7,43692726,5/19/2024
rio,Volkswagen,WAUFL44D63N436054,Orange,Female,1996,64690,si,V12,14887.62,18538816,8/27/2024
Achieva,Oldsmobile,3GYFNEEY1BS936335,Yellow,Male,1994,80503,si,Inline-6,48233.59,46853686,12/25/2023
Focus,Ford,SCBBR9ZA7AC502361,Red,Male,2002,83827,no,V6,15928.0,83757484,12/1/2023
LeSabre,Buick,WAUEH94F96N696481,Maroon,Male,1997,102638,si,Inline-6,16361.87,32479947,5/11/2024
Tiburon,Hyundai,1GYFC56229R468225,Blue,Female,1999,20554,si,V6,38716.33,65321108,2/10/2024
Tracer,Mercury,JTDKDTB36F1300327,Purple,Male,1993,190681,si,V8,24340.38,45484197,11/4/2024
A8,Audi,4T1BK3DB8AU646912,Indigo,Female,1998,44797,si,Inline-4,17227.08,35819711,8/9/2024
Sable,Mercury,WBAXH5C53CD673693,Aquamarine,Female,1999,174534,si,Inline-4,44723.11,51602254,12/20/2023
Pajero,Mitsubishi,SCFEBBCF2BG547780,Puce,Female,2002,113108,si,Inline-4,9986.12,95572266,11/9/2024
Bonneville,Pontiac,WAUKG74F46N316442,Teal,Genderfluid,1993,197410,si,V8,26547.93,32189179,6/16/2024
Sierra 1500,GMC,1GYS4DEF6BR462041,Goldenrod,Male,2000,63460,no,Inline-6,6226.26,37588784,3/27/2024
Sonoma,GMC,1C6RD7NT5CS997925,Teal,Female,1993,71168,no,Inline-4,7867.5,39290824,12/4/2023
XC90,Volvo,1G4GE5EVXAF908953,Yellow,Female,2009,197359,si,Inline-6,30242.17,36878929,8/31/2024
Century,Buick,WAUSFAFLXAA492575,Blue,Bigender,2002,171179,si,Inline-6,23561.09,67035519,6/5/2024
Landaulet,Maybach,WAUVT58E55A967048,Goldenrod,Female,2012,184250,no,V12,48402.97,62421322,7/10/2024
Yaris,Toyota,WDDHF7GB4EB462807,Green,Male,2008,161641,si,Inline-4,43310.66,75814359,10/4/2024
Metro,Chevrolet,SCBZK25E03C514485,Pink,Male,2001,57903,no,Inline-6,34735.92,69631016,8/17/2024
Outlook,Saturn,3VWKX7AJ9DM534313,Maroon,Male,2009,118747,si,Inline-4,12063.47,92401273,12/15/2023
Taurus,Ford,1GD311CG6FZ858422,Purple,Female,2013,104722,si,Inline-6,30769.47,34464212,7/21/2024
Tacoma,Toyota,WAUHGAFC0CN769544,Fuscia,Male,2001,44160,no,Inline-4,45533.65,80532561,10/3/2024
Previa,Toyota,SALVN2BG5FH376869,Mauv,Female,1991,55184,no,V6,34941.91,51731938,6/4/2024
Bronco,Ford,3VW467AT6DM792589,Teal,Female,1985,179517,no,Inline-4,24071.61,24498265,7/5/2024
Sable,Mercury,2HNYD28239H175242,Teal,Male,1992,152199,no,Inline-6,19530.29,45480358,3/6/2024
Sonoma,GMC,1G6DU6EA1A0441716,Teal,Male,1996,137307,si,V6,38862.8,3288578,12/28/2023
GTI,Volkswagen,WAUPEAFMXBA024901,Red,Male,2001,189626,no,V6,37624.19,49894307,4/4/2024
XJ Series,Jaguar,3D7JB1EK8BG865396,Pink,Female,2002,56329,no,V6,13228.45,90380930,6/10/2024
JX,Infiniti,1C6RD7GP0CS799527,Goldenrod,Polygender,2013,60916,no,V8,19656.95,23128526,7/29/2024
GX,Lexus,1N6AA0CJ1FN468236,Goldenrod,Genderfluid,2012,150307,si,Inline-4,20953.48,17891480,4/18/2024
XF,Jaguar,WUAGNAFG1CN334736,Fuscia,Male,2011,54921,no,V8,29869.23,44761240,4/6/2024
Mazda3,Mazda,3VW8S7AT7FM832534,Violet,Male,2010,160599,no,V8,30611.43,47088970,10/7/2024
Econoline E150,Ford,WAUEF78EX6A375049,Green,Male,2001,124523,si,V12,10432.88,4760275,4/24/2024
F430,Ferrari,WBAUP7C57CV745488,Khaki,Female,2007,12158,si,Inline-4,18104.41,98214102,1/15/2024
B-Series Plus,Mazda,KNADM4A38D6827847,Yellow,Female,1994,184765,si,Inline-6,7335.43,32786524,6/20/2024
F150,Ford,SALFR2BG7FH353151,Green,Female,1992,122920,no,V12,14387.23,53265481,2/12/2024
Durango,Dodge,WAUVVAFRXCA492227,Aquamarine,Female,1998,191216,si,Inline-6,44834.24,58374258,6/24/2024
Malibu,Chevrolet,WAULC58E75A664232,Aquamarine,Male,2012,144929,si,Inline-6,46496.78,7022455,6/21/2024
Samurai,Suzuki,WBANV93509C443180,Goldenrod,Female,1994,199744,si,V6,8715.69,69842776,4/26/2024
QX,Infiniti,2C4RDGCG1FR971343,Orange,Male,2000,83750,si,V6,41806.18,14057950,10/8/2024
Avalon,Toyota,5J6YH1H35BL039081,Green,Female,2011,39742,si,V6,6739.51,54100572,2/14/2024
XJ Series,Jaguar,JTDKTUD35ED825687,Yellow,Female,1994,52528,si,V6,24601.91,73532216,9/7/2024
S-Type,Jaguar,3D7JB1EP1BG292028,Aquamarine,Bigender,2005,133791,si,Inline-6,15634.66,24301230,2/20/2024
CX-9,Mazda,4T1BK3DBXAU663517,Crimson,Male,2011,157548,no,V6,32762.07,78216969,7/14/2024
Santa Fe,Hyundai,WAULFAFH3CN337975,Green,Male,2002,109374,si,V6,46316.74,36777449,1/26/2024
Safari,GMC,JTDZN3EU2D3161234,Indigo,Agender,1998,61332,si,V6,14921.24,18839666,10/11/2024
Accord,Honda,WAU3GAFR5DA924791,Fuscia,Male,1993,183426,no,V8,22959.94,56718504,11/22/2023
Accent,Hyundai,3D73Y4ELXBG267294,Blue,Bigender,2007,195513,si,Inline-6,13441.35,41073063,11/22/2023
Silhouette,Oldsmobile,3VW1K7AJ1CM943673,Fuscia,Male,1995,156476,si,V12,41751.15,18701005,11/22/2023
7 Series,BMW,WBA3B3C58FF290152,Puce,Male,2000,21751,no,V8,28796.04,28859290,10/5/2024
JUKE,Nissan,1GTN1TEX9DZ961756,Fuscia,Female,2011,40785,no,V6,8371.96,51465027,4/18/2024
G6,Pontiac,SALVP2BG6FH799034,Pink,Female,2007,78070,si,V6,42505.81,35797718,8/12/2024
Econoline E150,Ford,3GTXCYEJ4AG511035,Aquamarine,Male,2000,53410,si,V12,23609.31,54996469,6/9/2024
S70,Volvo,1G4GC5GG8AF337371,Green,Agender,1998,113535,si,V8,28063.61,37877930,2/24/2024
Escort,Ford,WBAPM7C54AA074937,Puce,Male,1985,97950,no,V8,25661.87,80886114,2/1/2024
HHR,Chevrolet,JTHBL5EF0E5513395,Purple,Male,2009,176753,no,V6,9355.22,82941578,5/6/2024
RX-8,Mazda,5N1AA0NC6FN844619,Khaki,Female,2010,185697,no,Inline-4,8963.21,88085602,12/9/2023
Aurora,Oldsmobile,WAUEG94F96N813267,Pink,Bigender,1998,151919,no,Inline-6,11413.64,75010099,6/10/2024
2500,GMC,WVWGD7AJ7EW934387,Indigo,Male,1996,27689,si,V8,27939.74,96845310,2/4/2024
G,Infiniti,4T1BF1FK9EU132630,Red,Female,1994,45783,no,V8,44727.87,43248558,1/4/2024
Civic,Honda,WBADX7C5XDP988475,Blue,Female,2005,58604,no,V6,40234.01,94812635,12/31/2023
X3,BMW,5UXFG8C57EL022724,Red,Female,2009,162563,no,V12,22850.27,37251672,6/18/2024
X5,BMW,JN1AZ4EH4FM746942,Pink,Female,2001,149871,no,V8,49603.32,78082797,6/14/2024
RX-7,Mazda,3GYFNKE49AS195586,Maroon,Male,1991,139192,no,Inline-4,48028.84,51912503,2/2/2024
Maxima,Nissan,WAUGGAFR0DA922609,Goldenrod,Female,2010,147313,no,V12,15240.82,53833170,11/25/2023
Q,Infiniti,JN8AZ2KR0AT423943,Indigo,Female,2001,38,si,Inline-4,24358.19,66929327,4/20/2024
DBS,Aston Martin,4USBT53554L652048,Crimson,Male,2011,132877,si,Inline-4,27452.74,62168351,1/18/2024
Express 1500,Chevrolet,3CZRE3H58BG217086,Teal,Female,2006,13095,no,Inline-6,23866.93,98922983,4/26/2024
Elantra,Hyundai,WBABN53433J199160,Purple,Male,2007,148849,si,V12,18576.4,91134720,10/30/2024
Odyssey,Honda,1GT01XEG3FZ614539,Fuscia,Female,2005,144304,si,V12,30548.59,53281420,10/28/2024
7 Series,BMW,JN8AZ2NC3C9587937,Indigo,Male,1995,167735,no,V8,46002.77,71499524,7/10/2024
Lancer,Mitsubishi,WBAVB73537K980416,Indigo,Male,2004,177303,si,V6,11100.48,46057253,6/14/2024
MPV,Mazda,JH4CU2F40EC608225,Pink,Genderqueer,2001,20375,si,Inline-4,12630.56,17652749,5/23/2024
GranTurismo,Maserati,SCBFC7ZA2DC594913,Aquamarine,Male,2008,56460,no,V6,39610.55,48238621,10/1/2024
1500,GMC,1G6AF5S37D0228917,Fuscia,Male,1993,26685,si,V12,32309.5,48046023,10/22/2024
Town & Country,Chrysler,19XFA1E38BE933915,Mauv,Male,2000,122344,no,V6,49694.9,83965221,5/21/2024
M-Class,Mercedes-Benz,WBALL5C53DE596803,Red,Male,2005,26762,si,V12,8132.5,15239281,10/28/2024
Cooper,MINI,WBAYA8C56ED212128,Turquoise,Male,2003,56834,no,V12,45828.78,44755699,10/8/2024
4000,Audi,WBA3T3C55EJ934232,Khaki,Female,1987,59353,no,Inline-6,44206.16,76384453,12/13/2023
Beretta,Chevrolet,WBASP2C50DC822371,Blue,Male,1993,54904,no,V12,31041.73,22343287,3/1/2024
Swift,Suzuki,WVWAP7AN9EE801197,Purple,Female,2006,17889,no,V12,11980.68,771047,6/2/2024
8 Series,BMW,WBA6A0C51FG370255,Violet,Female,1997,85449,no,Inline-6,34686.77,97253114,11/27/2023
Alero,Oldsmobile,WBA6A0C54ED929636,Crimson,Male,2002,1143,si,V12,33624.24,35094795,7/4/2024
M6,BMW,5GAKVAKDXEJ245939,Aquamarine,Male,2009,165316,no,Inline-6,5896.62,87145253,11/30/2023
Econoline E150,Ford,3N1CE2CP9FL224904,Green,Female,1992,20822,si,V6,6998.12,44054233,8/19/2024
7 Series,BMW,1GYFC36259R176878,Orange,Male,2010,39343,no,V12,41202.94,27276909,9/5/2024
Econoline E250,Ford,1GD02ZCG3BZ091377,Maroon,Female,1999,33101,si,V12,15743.08,92743382,3/22/2024
IS,Lexus,2T1KU4EE6BC888237,Yellow,Female,2011,145805,si,V12,6179.1,36969787,5/9/2024
Ram 1500,Dodge,WA1CGAFE6CD255308,Mauv,Female,2004,97141,si,Inline-4,27218.12,74191748,3/28/2024
Town Car,Lincoln,1D4PU6GX3BW478134,Khaki,Female,1995,54548,si,V12,15443.25,18265285,7/16/2024
Spectra5,Kia,JN1CV6EK7FM115145,Indigo,Female,2006,31193,no,Inline-4,32842.7,10660176,6/4/2024
H2,Hummer,3VW507AT5EM807039,Aquamarine,Female,2008,21237,no,Inline-4,9602.56,38892686,10/20/2024
xA,Scion,5N1BA0NC7FN779851,Turquoise,Female,2004,23587,no,Inline-6,15882.88,94271858,3/15/2024
Yukon XL 2500,GMC,ZHWGU5AU4CL476618,Green,Male,2012,167702,si,V12,28707.65,11580975,6/26/2024
GTI,Volkswagen,JH4CU26669C112286,Violet,Female,1991,36773,no,V8,16202.53,50198868,10/17/2024
300ZX,Nissan,WAUXL58E95A954053,Purple,Male,1996,123061,si,Inline-4,24346.4,10362012,8/27/2024
Forte,Kia,JM3KE2BE7D0902592,Mauv,Bigender,2010,44592,si,V12,42036.74,83512967,12/23/2023
Sedona,Kia,WAUGL98E67A223851,Turquoise,Female,2008,123194,no,V8,7048.88,15688207,7/5/2024
9-5,Saab,JN1AZ4EH2DM327307,Violet,Male,2010,102883,si,V12,20895.71,3529632,4/20/2024
Frontier,Nissan,WBAHN03507D270583,Puce,Male,2010,11901,si,Inline-4,44663.91,89042231,7/27/2024
RVR,Mitsubishi,19VDE1F36DE171223,Goldenrod,Female,1992,4850,si,V8,36512.54,91793248,4/11/2024
Grand Prix,Pontiac,3MZBM1K78EM120806,Maroon,Female,1995,56406,si,Inline-4,48504.93,44397840,2/25/2024
Panamera,Porsche,KNDJT2A54D7212057,Teal,Female,2012,186357,si,V6,34090.96,44591523,9/29/2024
T100 Xtra,Toyota,2HNYD18935H534722,Yellow,Female,1998,90193,no,Inline-4,9129.44,17537281,2/29/2024
Ram Van 2500,Dodge,1G6DS5E31D0608923,Orange,Female,2003,46053,no,Inline-6,42363.8,9810860,7/4/2024
GS,Lexus,WBAEV53462K130663,Turquoise,Female,1999,168341,no,Inline-4,9728.49,98430126,7/13/2024
Integra,Acura,WAUBH54B81N614306,Goldenrod,Female,1994,142822,si,V6,35645.76,8411133,6/18/2024
Q,Infiniti,WA1MKAFP3AA323616,Crimson,Female,2006,157692,si,V6,39797.0,36542498,3/19/2024
Express 1500,Chevrolet,1D7RW3GK6AS166226,Turquoise,Male,1997,191064,no,V8,34173.19,73369839,11/7/2024
SSR,Chevrolet,SCBBR9ZA2BC152820,Turquoise,Female,2004,177643,no,V8,41500.3,14695505,6/26/2024
TL,Acura,1GYS4BKJXFR173568,Purple,Male,2004,148837,no,V8,24806.49,83322119,12/20/2023
