modelo,marca,placa,color,year,kilometraje,rentado,motor,precio_renta,cedula_cliente,fecha_entrega
Eldorado,Cadillac,2G61W5S89E9408130,Purple,1996,149464,0,V6,1339,34438178,8/6/2024
Alcyone SVX,Subaru,3N1AB7AP1FL858451,Purple,1993,127855,1,Inline-4,1330,74824439,7/30/2024
Crossfire,Chrysler,1LNHL9DR1BG549364,Pink,2007,98793,0,V8,1028,56866365,7/29/2024
5 Series,BMW,WAUFFAFL4DN943112,Green,1997,176643,0,Inline-6,1017,40765033,7/2/2024
Colt,Dodge,19UUA65556A552944,Yellow,1994,34063,0,V12,1720,67933304,12/3/2023
Silverado 3500,Chevrolet,WBA3B3C59EJ733050,Mauv,2002,182680,0,Inline-4,925,41515695,9/12/2024
S-Class,Mercedes-Benz,SCFEBBCF3BG422383,Crimson,2006,77450,0,Inline-6,1481,54256064,5/29/2024
Corvette,Chevrolet,SAJWA1CB5CL909852,Puce,1956,99746,0,Inline-4,503,38750724,5/5/2024
GT350,Shelby,3C3CFFJH4ET898216,Goldenrod,1969,140621,1,Inline-6,1743,88414612,8/13/2024
FX,Infiniti,WAUEH98E36A818969,Mauv,2007,158116,0,Inline-4,1800,54897432,3/26/2024
Corolla,Toyota,WBAYE8C52FD656113,Pink,2012,55864,0,V6,1083,80630010,4/21/2024
9-3,Saab,1G6DK67VX80172955,Orange,2006,97613,1,Inline-6,684,31626001,12/19/2023
370Z,Nissan,JTEBU5JR1A5096437,Pink,2011,144402,1,V6,967,56456523,8/5/2024
Suburban 2500,Chevrolet,1VWAH7A32CC032737,Puce,2006,132563,0,V6,1608,34935527,8/8/2024
New Beetle,Volkswagen,2LMDJ6JC1AB521108,Fuscia,2005,193493,1,V6,510,93051246,2/5/2024
Accord,Honda,WA1BV74L57D897644,Violet,2003,81436,0,V6,1133,42985943,10/4/2024
Dakota Club,Dodge,SCBCP73W89C499551,Purple,1993,145995,0,V12,1516,73895553,9/21/2024
RX,Lexus,WBAUC73578V450023,Mauv,2005,139567,0,V8,1475,93407613,10/30/2024
Yukon XL 2500,GMC,3LN6L2G97FR709420,Puce,2004,163566,1,V6,1156,63726248,6/16/2024
MPV,Mazda,5N1AT2MK8EC672473,Indigo,1993,100932,1,Inline-4,1509,26267926,6/13/2024
Passat,Volkswagen,5LMJJ2J59EE943109,Orange,2004,36593,0,Inline-6,1683,19727173,8/5/2024
Somerset,Buick,WBAPM5C5XBE229795,Mauv,1986,188218,0,V8,1831,15242032,8/24/2024
Mark VII,Lincoln,1N6AF0KYXEN612431,Red,1984,11773,1,Inline-6,1204,47634707,10/18/2024
240,Volvo,SCFFBCBD1BG500167,Orange,1992,154267,1,Inline-4,1617,83359833,3/11/2024
Amigo,Isuzu,SCFFDCCD2AG525165,Violet,1992,61684,1,V12,1083,36571905,6/24/2024
2500,GMC,WAUEF78E06A557312,Goldenrod,1995,36912,0,V12,853,63501998,7/1/2024
Montego,Mercury,WBAYA8C50DD829071,Fuscia,2007,199916,0,V12,1613,94717512,9/8/2024
Topaz,Mercury,1GYFC16239R487164,Goldenrod,1988,198573,1,V8,895,46502521,7/11/2024
G-Series 1500,Chevrolet,3D4PH5FV8AT438537,Khaki,1997,59889,0,Inline-6,1905,5497505,6/30/2024
Crown Victoria,Ford,SCFEDEAN2CG875188,Fuscia,2007,145620,1,V12,1719,21167331,2/5/2024
Sunfire,Pontiac,4F2CY0C74AK132019,Pink,2000,122360,1,V8,1083,91235470,6/23/2024
Sephia,Kia,WAUKH78E18A580114,Turquoise,1994,127158,0,V12,1477,44478043,10/3/2024
Civic,Honda,JH4KB2F68CC792488,Khaki,2002,49909,1,V12,987,54003744,12/16/2023
Sportage,Kia,1G6DG5EY1B0309054,Crimson,1998,170472,1,V8,684,83429963,3/15/2024
Brougham,Cadillac,WA1WMBFE2BD062177,Fuscia,1992,104043,1,V6,1447,2705716,5/1/2024
H1,Hummer,1C3CDWBA1CD973027,Fuscia,2003,40315,1,V12,662,47730517,2/9/2024
Esprit,Lotus,JHMFB4F25CS834941,Teal,2001,71198,1,Inline-6,1739,2609121,11/7/2024
Elise,Lotus,1G6YV36A895312365,Aquamarine,2008,130869,0,Inline-6,1133,43037278,6/7/2024
4Runner,Toyota,WVWED7AJ4CW040464,Fuscia,1996,49967,1,Inline-4,900,26607630,1/19/2024
GT-R,Nissan,WBAVT13526K585958,Turquoise,2011,101229,1,V6,1170,4384362,7/9/2024
Bronco II,Ford,3GYFNJE33DS102437,Goldenrod,1987,176300,0,Inline-4,1854,45711254,3/21/2024
300ZX,Nissan,WAUMF98K59N938101,Aquamarine,1993,22113,0,V8,1247,9274770,12/15/2023
Jetta,Volkswagen,1N6AF0LY1EN549184,Fuscia,2012,142258,0,V12,1392,10714715,12/27/2023
Sienna,Toyota,WUAPV54B73N791677,Orange,2001,150158,0,Inline-6,536,38815149,3/20/2024
X5,BMW,5UXWX7C54E0058432,Puce,2013,40319,0,Inline-4,1131,70026787,4/9/2024
XJ Series,Jaguar,WAUMGAFL4DA114813,Aquamarine,2000,117598,1,Inline-4,1357,74656229,11/5/2024
V50,Volvo,WA1LMAFE8ED387725,Pink,2007,40694,0,V8,966,83681513,11/25/2023
CLS-Class,Mercedes-Benz,JH4KC1F73EC364525,Pink,2010,139105,1,V8,1904,58333445,12/21/2023
Yukon XL 2500,GMC,5XYZG3AB5CG079295,Teal,2009,115665,1,Inline-6,873,96700488,1/31/2024
Charger,Dodge,ZHWGU6BZ4CL643883,Aquamarine,2009,17157,1,V6,1897,46860964,11/3/2024
Solara,Toyota,1G4PP5SKXC4027513,Aquamarine,2008,193842,1,Inline-4,1113,59437928,9/22/2024
Th!nk,Ford,WBASP4C50AC148004,Goldenrod,2001,192526,0,V8,1197,22799022,12/10/2023
S10 Blazer,Chevrolet,2HNYD2H6XCH823962,Purple,1992,63018,1,V8,1452,20596408,6/21/2024
Ram Van 1500,Dodge,WBA3V5C5XEP504831,Indigo,2003,87859,1,V12,647,96901207,4/13/2024
Tracer,Mercury,2G61W5S84F9930519,Green,1998,23147,1,V8,759,45968238,5/14/2024
Eurovan,Volkswagen,WBA3D5C51FK068968,Purple,2003,104049,0,V8,537,43730306,1/18/2024
IS,Lexus,JTDKTUD35ED914871,Violet,2008,73674,1,V8,1713,59532167,7/25/2024
XJ Series,Jaguar,JH4DC53023C809101,Fuscia,2001,162293,0,Inline-4,505,10046505,12/3/2023
Mustang,Ford,WAUBVBFB4BN983850,Yellow,1992,42473,1,Inline-4,1666,68147796,7/19/2024
S-Series,Saturn,WBA6B8C56FD829728,Crimson,1996,88912,1,V12,616,95181249,12/8/2023
Lucerne,Buick,3D73M4EL3AG232252,Maroon,2006,133185,1,Inline-6,514,74515503,7/10/2024
Sonata,Hyundai,3C6TD5JT0CG248134,Fuscia,2007,92241,0,V12,1635,71271317,7/28/2024
Avalanche,Chevrolet,5TFCY5F10CX136546,Teal,2011,39183,1,V12,1018,56425751,12/20/2023
E-Series,Ford,WAULFAFRXDA938334,Crimson,1992,153003,0,V6,1567,42388502,4/18/2024
Firebird,Pontiac,3N1CN7AP7DL151271,Aquamarine,1995,188997,0,Inline-6,1662,1568263,4/25/2024
TL,Acura,WBANV93598C374245,Fuscia,2000,150678,1,V12,1990,17770475,5/23/2024
MX-3,Mazda,3VW4S7AT1EM940550,Goldenrod,1995,13078,0,Inline-6,1755,34257217,6/29/2024
Cherokee,Jeep,WAUAFAFL3FN356199,Maroon,1992,191827,1,Inline-6,1287,88931371,1/5/2024
Diablo,Lamborghini,WDDHF7GB2EB219318,Maroon,1995,79877,0,V12,1860,67691617,9/11/2024
940,Volvo,4T1BK1EB1EU023270,Green,1995,8159,0,V8,890,68227800,5/6/2024
Seville,Cadillac,WBAPT73578C985264,Maroon,1996,17490,0,V6,1246,71695418,8/26/2024
Dakota,Dodge,WBA3K5C55EF733657,Green,2000,77787,1,Inline-6,940,56056664,1/15/2024
Elantra,Hyundai,WDDEJ7EB3CA145866,Puce,2010,102890,0,V12,1464,17104738,7/6/2024
Supra,Toyota,WBAUN1C53AV968580,Aquamarine,1994,95679,1,Inline-6,1635,52337052,5/25/2024
Enclave,Buick,1G6AH5SX3D0977274,Fuscia,2009,191689,0,V6,1209,91020507,10/16/2024
Town Car,Lincoln,3VW1K7AJ8EM120063,Blue,1998,174983,0,Inline-4,1133,97174312,10/19/2024
Mirage,Mitsubishi,WBAKX8C54CC586731,Violet,1999,100147,0,V12,1773,22556781,6/11/2024
Truck,Mitsubishi,WAUAFAFH6CN213397,Mauv,1987,101754,1,V8,611,94926843,4/29/2024
GTO,Pontiac,WBAWC33538P328409,Violet,1971,91125,0,Inline-6,738,3490126,11/17/2023
Samurai,Suzuki,WA1CMAFE6DD318840,Blue,1993,68547,1,Inline-4,654,39649012,11/15/2023
Continental Flying Spur,Bentley,JTDKTUD35DD901584,Orange,2007,30589,0,V8,1097,52288895,6/18/2024
Z4 M,BMW,WDDLJ6FB6FA364096,Goldenrod,2009,182158,1,Inline-6,1400,93395304,1/2/2024
G-Series 2500,Chevrolet,WAUJC68E75A311714,Green,1998,187094,1,Inline-4,1809,9831730,2/4/2024
MPV,Mazda,JTDBT4K33B4562534,Purple,1997,8519,0,V6,651,71358396,5/2/2024
Mustang,Ford,3FA6P0SU6FR471719,Khaki,1969,190204,1,Inline-4,1197,62352294,2/4/2024
Suburban,Chevrolet,3D73Y4EL9BG416276,Goldenrod,2011,129603,0,Inline-4,1817,56013560,5/8/2024
CX-9,Mazda,WAULT58E53A237452,Puce,2007,26944,1,V6,1052,40295448,12/11/2023
2500,GMC,YV126MFB3F2260441,Green,1994,126889,1,Inline-4,627,40550901,5/22/2024
SLK55 AMG,Mercedes-Benz,5N1AN0NW4FN940599,Purple,2009,40048,0,Inline-4,1033,79356451,1/7/2024
Yukon,GMC,4T1BF1FKXCU679550,Violet,2003,30087,0,Inline-6,729,10998710,8/24/2024
RDX,Acura,WBAXG5C56CC658193,Red,2009,34894,0,V8,520,75921759,8/25/2024
LX,Lexus,1N6AF0KY0EN478464,Green,2001,105245,1,V6,1237,43697492,7/4/2024
T100,Toyota,KL4CJASB7FB697205,Green,1996,78388,1,Inline-4,1535,64461378,5/9/2024
A4,Audi,WAU4FBFL3CA094044,Goldenrod,1998,13609,1,Inline-4,624,57397795,9/27/2024
Quest,Nissan,2C3CDXFG7DH239548,Teal,2007,87705,0,V6,690,91871034,4/11/2024
Grand Caravan,Dodge,1G6DV8EP9E0349739,Crimson,2003,32734,1,V6,754,19944815,1/28/2024
Starion,Mitsubishi,1N4AL3AP6DC066670,Blue,1986,117749,1,Inline-6,1507,52066310,9/23/2024
S8,Audi,WBAWC73559E733112,Indigo,2008,129232,1,V8,1277,84788733,3/5/2024
Tercel,Toyota,YV4902BZXB1920467,Yellow,1996,81024,0,Inline-6,984,42064672,2/12/2024
90,Audi,WBA3C1G59DN738719,Khaki,1988,146065,1,V8,898,6834616,11/1/2024
E150,Ford,1G6DH5E57C0225633,Maroon,2010,171773,1,Inline-4,925,3073975,8/28/2024
Grand Cherokee,Jeep,WAULFAFH8AN444730,Purple,2008,51475,0,V6,1301,91591524,6/21/2024
M6,BMW,KNDJT2A51D7671174,Violet,2010,174914,0,V6,1688,30438991,1/9/2024
Mustang,Ford,1G6AJ5S38E0545900,Aquamarine,1979,68607,0,V12,914,49084824,1/2/2024
Neon,Dodge,WAUHFAFL5FN439096,Green,2003,44212,1,V6,1521,73372258,8/14/2024
Spyder,Maserati,1N6BF0KX4FN431533,Indigo,2003,141658,0,V8,1641,49279437,1/19/2024
Impreza,Subaru,1FTSW3A56AE041916,Fuscia,2012,41434,1,V8,1816,92552155,1/11/2024
LS,Lincoln,JN1AZ4EH9EM885530,Puce,2000,195826,0,V8,1579,30641536,1/30/2024
Ram Van 1500,Dodge,SCBBP9ZA7CC653063,Turquoise,2002,13834,0,Inline-4,683,62322662,8/31/2024
Legacy,Subaru,JHMZE2H34CS323039,Crimson,2003,96095,1,V12,1477,55834628,6/6/2024
Legend,Acura,1GKS1GKC4FR021187,Pink,1988,188953,0,Inline-6,675,54887933,11/18/2023
626,Mazda,1G6AR5SX0F0918683,Khaki,1985,15479,0,V12,1274,81458922,12/10/2023
Chevette,Pontiac,WBAYP9C59ED260081,Purple,1987,5103,1,V8,973,64169214,1/8/2024
Legacy,Subaru,WBAWV5C55AP326172,Orange,2008,73492,0,V8,1459,99020911,11/4/2024
Touareg,Volkswagen,1G4GB5GR1EF191664,Crimson,2012,10587,0,V12,1834,51417255,6/30/2024
GTI,Volkswagen,1YVHZ8BH0B5190568,Crimson,1999,125500,1,V12,1583,36929153,1/27/2024
tC,Scion,KMHTC6AD1EU539912,Yellow,2005,114897,1,Inline-4,1700,87513218,1/27/2024
SLS AMG,Mercedes-Benz,1GYS3PKJ5FR423055,Indigo,2011,54178,0,Inline-4,1947,84123588,9/19/2024
9000,Saab,5FPYK1F67EB826861,Khaki,1986,40996,1,Inline-6,1073,908925,11/3/2024
Z4,BMW,1FTSF3A53AE310373,Turquoise,2003,96054,0,V8,952,20764793,4/27/2024
5 Series,BMW,JTDZN3EU0E3476020,Goldenrod,2009,11304,1,Inline-6,1304,87335559,1/14/2024
7 Series,BMW,YV1672MS4B2103176,Aquamarine,1999,162247,0,Inline-6,1169,17486812,8/16/2024
Jetta,Volkswagen,3D7TT2HT2AG708123,Pink,2012,57436,0,V8,821,61214173,4/3/2024
Acadia,GMC,19UUA56812A691241,Crimson,2010,149940,0,V6,1070,9053543,3/13/2024
Sierra 2500,GMC,5LMJJ2HT2FE934788,Goldenrod,2004,114643,0,Inline-6,1413,64743244,11/25/2023
RSX,Acura,1G4GA5ER4DF350861,Mauv,2004,191578,1,Inline-4,858,284829,6/20/2024
Villager,Mercury,WBA1J7C52EV830021,Turquoise,1996,199617,0,V12,1874,43814890,12/2/2023
Charger,Dodge,1G6DV1EP1C0396011,Purple,2007,102906,0,Inline-4,1661,57752162,2/16/2024
Expedition EL,Ford,19VDE2E55EE345633,Mauv,2010,40939,1,V8,1413,10295712,8/14/2024
Murciélago,Lamborghini,WAUXU64B02N164062,Orange,2008,199158,0,V8,1863,77334848,5/16/2024
Yukon,GMC,WBA3T7C53F5510517,Pink,2002,194935,1,Inline-6,1278,3207974,4/22/2024
1500,GMC,1G6DJ5E31C0914411,Fuscia,1995,81546,0,Inline-4,833,13821712,7/10/2024
Catera,Cadillac,3C3CFFCR8FT897139,Blue,1999,119050,1,Inline-4,1694,84626305,12/26/2023
Charger,Dodge,1G4PS5SK1E4527237,Aquamarine,2011,192857,0,V8,552,77338323,1/22/2024
Century,Buick,WBABV13475J227473,Crimson,1988,33192,1,V8,1441,72951413,7/5/2024
Patriot,Jeep,WAUEH78E76A224387,Goldenrod,2010,28955,1,V6,1855,60628812,9/3/2024
A6,Audi,WBAFR9C56BD661679,Aquamarine,2001,35442,1,Inline-6,1230,94639262,9/2/2024
F350,Ford,YV1982BW4A1069888,Aquamarine,2009,44382,0,Inline-4,1897,44259217,8/18/2024
SL-Class,Mercedes-Benz,JA32U1FU6AU264927,Puce,2011,78077,1,Inline-4,1329,38520288,12/19/2023
Riviera,Buick,4T1BK3DB9CU831537,Orange,1996,89380,1,Inline-4,1415,95428209,8/29/2024
Rogue,Nissan,1G4GD5ED8BF053052,Aquamarine,2012,20809,0,V8,1917,49914369,9/3/2024
Crown Victoria,Ford,1FMCU0C78BK539489,Maroon,2011,85349,1,V12,1123,61833700,6/12/2024
Explorer,Ford,5FRYD3H62GB693018,Puce,2009,105848,1,V12,615,42458781,1/11/2024
M3,BMW,5N1AA0ND3FN854159,Purple,1997,114716,1,V12,1548,49800837,4/26/2024
MR2,Toyota,KMHHT6KJ5FU680414,Crimson,2001,21506,0,V12,1123,88491766,9/17/2024
Ramcharger,Dodge,2C4RRGAG1DR265720,Aquamarine,1993,173105,1,Inline-6,856,67845821,10/29/2024
Corrado,Volkswagen,1G6DW677170920254,Turquoise,1990,26484,0,V12,1746,29647701,6/14/2024
V70,Volvo,1G6AA5RA6E0320847,Puce,2001,153023,0,V12,1018,19473405,11/1/2024
Taurus X,Ford,WAUED54B81N202458,Aquamarine,2008,88051,1,Inline-4,1540,87008419,2/27/2024
Econoline E150,Ford,WA1EY94L48D777545,Crimson,1997,75418,1,V6,851,53296749,5/19/2024
Miata MX-5,Mazda,SCBDC47L09C370105,Red,2008,126418,0,V8,1722,16211626,4/26/2024
Crossfire,Chrysler,1G6DN57S150345345,Crimson,2007,52789,1,V6,768,88617310,11/29/2023
Eos,Volkswagen,WA1DMAFP6FA899900,Indigo,2012,58131,1,V8,1964,92519684,11/19/2023
X5 M,BMW,JH4DC23931S983582,Khaki,2013,174361,1,V8,882,72004181,10/26/2024
tC,Scion,1C6RD7MT5CS539707,Khaki,2005,66540,1,V8,913,66761231,4/5/2024
Explorer Sport Trac,Ford,WAUWGAFB9AN452373,Goldenrod,2005,18961,1,V12,604,1398388,5/18/2024
Intrepid,Dodge,3C3CFFERXET211534,Green,1993,71612,1,V8,1806,33833309,6/28/2024
Panamera,Porsche,KMHFC4DF2AA347442,Goldenrod,2010,54072,1,V6,510,64004146,2/11/2024
Yukon XL 1500,GMC,4F2CY0C7XBK249525,Purple,2012,132304,1,Inline-6,1560,17536510,3/14/2024
Sienna,Toyota,WBA5B1C55FG392998,Blue,2000,67753,0,Inline-6,1637,36540716,7/31/2024
Sierra,GMC,WA1YL64B15N094418,Turquoise,2012,126030,1,V8,763,22480974,3/13/2024
Concorde,Chrysler,SCFFDCCD5CG286424,Puce,1995,69100,0,Inline-6,1956,91482378,1/17/2024
2e,Aptera,JA32X2HU2CU209999,Goldenrod,2009,65482,1,V6,1188,15380340,8/28/2024
Marauder,Mercury,JN1BY1AP3DM739853,Yellow,2004,5197,0,V6,1025,68077429,12/31/2023
5000S,Audi,19UUA8F57DA184290,Orange,1987,23123,1,Inline-6,1206,85765415,3/10/2024
F-Series Super Duty,Ford,1GKMCCE32AR244652,Orange,2008,79443,1,Inline-4,1304,99282377,12/13/2023
6 Series,BMW,1G4GL5G30DF896365,Goldenrod,2006,172203,0,Inline-4,1991,73176065,10/21/2024
E-Series,Ford,5N1AN0NU9DN240797,Crimson,2002,48937,0,V6,652,54809749,9/24/2024
Protege,Mazda,JN8AZ1MU8CW549187,Khaki,2003,16356,0,V6,1950,63466208,3/4/2024
Esprit,Lotus,JTDZN3EU8EJ004949,Indigo,1985,137964,0,Inline-6,1897,47186727,12/14/2023
B-Series Plus,Mazda,WDDHF2EB1CA898765,Orange,1994,53390,1,V6,1430,41419388,2/9/2024
Tahoe,Chevrolet,5XXGM4A79CG773736,Crimson,2008,20222,1,V6,538,69324890,1/28/2024
Highlander,Toyota,5GADS13S672705173,Maroon,2002,1419,0,Inline-4,1544,37892487,7/23/2024
Envoy,GMC,WAUBH74F46N171769,Violet,2003,68303,1,V6,1565,46272231,9/28/2024
1000,Pontiac,JH4CL95828C694948,Purple,1984,162460,0,V12,1268,9350561,8/8/2024
Outlander,Mitsubishi,WA1AGAFE9CD557828,Indigo,2004,91144,1,V6,1036,54164718,2/18/2024
Pacifica,Chrysler,2HNYD18262H352544,Aquamarine,2004,97515,1,V12,1446,49718384,9/10/2024
Gemini,Pontiac,5UXKR0C5XE0415726,Fuscia,1988,194481,0,Inline-6,1124,19886360,5/28/2024
Veracruz,Hyundai,JN1CV6FE4BM401280,Red,2011,93436,1,Inline-6,1505,3631601,12/30/2023
Aviator,Lincoln,WBAYP9C5XDD699921,Maroon,2005,152336,1,Inline-4,1275,13943387,2/19/2024
S40,Volvo,WP0CA2A81EK179395,Red,2006,112810,1,V6,974,49119676,11/22/2023
MX-5,Mazda,WBANU53599B443423,Indigo,1999,180592,0,V6,773,26035970,7/27/2024
Z4,BMW,3C63D2JL5CG201244,Turquoise,2009,168080,1,V12,1700,5377164,9/17/2024
Escape,Ford,WA1CGAFP6EA210813,Red,2009,115396,0,V6,1264,82396312,7/26/2024
LR2,Land Rover,WA1VKAFP9AA797400,Turquoise,2008,8419,1,Inline-6,1212,46149122,6/19/2024
Caravan,Dodge,WBAGL83575D746387,Teal,1995,183369,0,V8,1253,68149158,4/12/2024
Coachbuilder,Buick,JH4NA21614S736438,Maroon,1995,145345,1,Inline-4,1680,58650401,9/16/2024
Intrigue,Oldsmobile,WA1WMAFE1AD582976,Mauv,1998,173198,1,V12,1537,1472970,10/1/2024
Solara,Toyota,WAUML44D83N076406,Goldenrod,2002,136706,0,Inline-4,1939,97811817,3/14/2024
Chariot,Mitsubishi,4T1BD1FK1EU626647,Khaki,1996,29931,0,Inline-4,510,62596519,7/5/2024
E-Series,Ford,WAUAC48H54K352107,Green,1988,126216,1,Inline-4,816,98976045,4/3/2024
i-370,Isuzu,WBAKE5C5XCE335320,Indigo,2008,73706,0,V12,788,89908587,11/11/2024
Pilot,Honda,JN8AZ1FY3CW035201,Aquamarine,2008,193685,1,V12,1585,29274154,10/23/2024
Monza,Chevrolet,5N1BA0ND9FN688489,Indigo,1975,59807,1,Inline-4,1735,39563136,5/20/2024
Galant,Mitsubishi,JM3TB2BA4B0297647,Purple,2000,8921,1,V8,575,11165273,6/27/2024
Titan,Nissan,2HNYD18672H026075,Green,2012,41906,0,V8,1824,70152193,11/6/2024
Ridgeline,Honda,WDBSK7AA7BF328551,Fuscia,2010,118273,0,Inline-4,1787,42184828,7/23/2024
S60,Volvo,5TFCY5F17BX146098,Pink,2011,122607,1,V6,595,6707276,9/19/2024
Alcyone SVX,Subaru,137FA84321E776664,Blue,1995,9684,1,V6,1904,30258868,6/30/2024
Pilot,Honda,WBAWV53547P254325,Red,2012,75672,1,V12,1118,53236336,4/16/2024
Montero,Mitsubishi,KM8JT3AFXFU801676,Turquoise,1996,161336,1,Inline-6,1508,9899240,6/22/2024
Savana 2500,GMC,2C3CCAGG0EH656509,Mauv,2012,38467,0,V12,1301,79253357,1/28/2024
VS Commodore,Holden,3C6TD5NT8CG050945,Blue,1995,101605,1,V8,1411,87506168,4/19/2024
RAV4,Toyota,3N1CN7AP4FL220503,Violet,2012,89824,0,Inline-4,1891,38833175,6/1/2024
i-Series,Isuzu,WBA3R1C59FF504730,Fuscia,2006,75858,1,V8,1344,19561630,2/1/2024
Esprit,Lotus,SALGR2VF3FA576478,Indigo,1989,178972,0,Inline-6,598,106600,12/19/2023
C8 Double 12 S,Spyker,5N1AN0NU1AC183194,Green,2006,106829,0,V8,1406,25418681,8/31/2024
Elise,Lotus,WAUKF78E38A782720,Crimson,2008,84124,1,Inline-6,973,16368585,12/6/2023
Aztek,Pontiac,WBAPK7C51BA441638,Green,2002,127329,1,V8,553,62804107,10/26/2024
Suburban 1500,GMC,WAUUL98E57A844601,Red,1996,56959,1,V12,508,80576252,6/20/2024
Rogue,Nissan,1G4HE5EM1AU447651,Yellow,2011,115031,0,Inline-4,677,27827466,7/1/2024
Escalade ESV,Cadillac,2C3CCAPT3CH302283,Pink,2010,13005,1,V8,1537,50832726,11/24/2023
Stratus,Dodge,WAUHF78PX8A413655,Green,1996,76270,1,Inline-4,879,86732188,10/3/2024
Eos,Volkswagen,WVWED7AJ1AW616931,Crimson,2008,45260,0,V12,1622,54353850,8/6/2024
Silverado 1500,Chevrolet,WBABD33415P935486,Red,2012,45829,1,V12,741,39793552,5/23/2024
FCX Clarity,Honda,1FTEX1CMXDF732920,Mauv,2012,156818,1,V8,1078,92860362,7/9/2024
500SL,Mercedes-Benz,SCBFU7ZA9EC821819,Maroon,1992,139180,1,Inline-4,577,84464419,2/18/2024
Eclipse,Mitsubishi,YV440MBCXF1894282,Fuscia,1992,10789,1,Inline-6,1983,37500899,12/24/2023
Patriot,Jeep,1G6AC1R35F0987141,Aquamarine,2009,8806,1,V8,757,41864624,2/12/2024
Murano,Nissan,WAUMFAFL7CA092887,Purple,2011,64270,0,Inline-6,1958,89632072,9/22/2024
Altima,Nissan,3D7TP2CT0BG494424,Green,2006,49590,1,V6,664,45327050,6/22/2024
XJ,Jaguar,KNADM4A36D6823568,Teal,2012,146188,1,V6,900,15510666,9/18/2024
Sonata,Hyundai,WVGAV7AX7BW253791,Violet,2003,7727,1,V12,807,5502592,10/9/2024
F250,Ford,WBA5M4C57FD627527,Puce,2006,199903,1,Inline-4,1686,12396317,3/1/2024
940,Volvo,KNADM5A36F6778379,Goldenrod,1994,58292,1,V8,650,5412466,9/5/2024
E250,Ford,5N1AT2MK4EC120887,Aquamarine,1984,68623,0,V12,1463,97293842,11/16/2023
Lumina,Chevrolet,WAUGL58E25A300687,Purple,1995,165081,0,V6,1223,14074328,8/26/2024
Lynx,Mercury,1G4HK5ESXBU744782,Crimson,1985,54605,1,Inline-4,1458,47078971,11/15/2023
Dakota Club,Dodge,KMHDB8AE9CU629012,Yellow,1995,189413,0,V8,1088,49780989,10/6/2024
JUKE,Nissan,WAURFAFR2AA207158,Violet,2011,174285,1,Inline-6,1604,99266897,3/19/2024
Navigator,Lincoln,1N6AD0CU4AC320961,Maroon,2007,166274,1,V6,1324,57121800,9/23/2024
Amanti,Kia,5N1CR2MN1EC594989,Green,2007,183937,0,V6,977,45563061,6/18/2024
LS,Lexus,2C3CDYBT5EH044879,Pink,2010,47109,0,Inline-4,1857,76939621,7/31/2024
Grand Cherokee,Jeep,5UXZW0C57D0431484,Yellow,2002,89537,0,V8,1614,91346339,1/19/2024
Eurovan,Volkswagen,5N1AZ2MG8FN589111,Crimson,1997,97201,0,V8,1233,35099471,5/19/2024
3 Series,BMW,JN1AZ4EH6AM129356,Mauv,2002,54436,1,Inline-6,599,18609565,12/26/2023
xB,Scion,5UXFB93513L675728,Violet,2004,182090,0,Inline-6,1176,18989511,2/4/2024
Mustang,Ford,WAUGL98E65A372757,Pink,1995,45203,1,Inline-4,1012,11062951,3/11/2024
S4,Audi,WA1WKAFP6BA123825,Green,2000,194087,0,Inline-4,1459,26063363,7/29/2024
LeSabre,Buick,WAUPL68E94A554949,Yellow,1985,115297,1,V12,1131,13207043,7/3/2024
GS,Lexus,WAUMF98P76A533601,Aquamarine,1997,184025,0,V12,1092,3858328,11/8/2024
Firebird,Pontiac,WAUNF78P47A360744,Violet,2000,2457,0,V8,1449,64467417,3/22/2024
PT Cruiser,Chrysler,WAULT54B42N147602,Blue,2001,38181,1,Inline-6,912,78001283,4/15/2024
E-Series,Ford,SALVP1BG2EH804075,Teal,1988,105175,0,Inline-6,738,41513667,1/2/2024
H2,Hummer,1GYS4BEF2BR932859,Green,2005,94246,1,V12,1358,79162069,8/14/2024
TL,Acura,1N4AA5AP7EC855543,Goldenrod,1996,92257,0,Inline-4,549,2412935,3/8/2024
Envoy XL,GMC,5GALRBED4AJ630062,Aquamarine,2004,15840,1,V12,1707,9532271,8/10/2024
H3,Hummer,NM0KS6BN0AT988912,Teal,2009,7484,1,V6,862,13636053,2/6/2024
530,BMW,WAUHFAFL8AA968400,Turquoise,2005,145611,0,Inline-6,1407,90009413,5/6/2024
ES,Lexus,KL4CJASB6FB623158,Khaki,2006,40787,1,V8,1011,93482621,3/24/2024
RAV4,Toyota,JTDKTUD3XDD065934,Aquamarine,2011,23429,0,Inline-6,566,75430615,1/18/2024
Gran Sport,Maserati,JA32U2FU9FU065075,Turquoise,2006,17803,0,V6,540,11047561,10/15/2024
CX-9,Mazda,1G6DJ577080825646,Red,2009,171165,1,V6,588,91301287,2/19/2024
2500,GMC,5UXFG83508L208982,Mauv,1998,169349,1,Inline-4,989,87234879,10/25/2024
Range Rover Classic,Land Rover,1G6KE54Y54U727336,Orange,1993,31169,1,Inline-6,1677,90816790,9/27/2024
Accord,Honda,3C3CFFBR8ET293655,Fuscia,2005,125276,0,Inline-4,779,12380363,12/23/2023
Challenger,Dodge,WAUEF48H47K840798,Violet,2010,2791,1,V8,966,12041658,7/29/2024
612 Scaglietti,Ferrari,WBAFR9C53DC127581,Teal,2007,69591,1,Inline-6,1936,75261667,3/28/2024
914,Porsche,4T3BA3BB9CU742354,Crimson,1970,161591,1,V12,913,30841850,8/6/2024
G5,Pontiac,WAUVT64B44N401701,Yellow,2008,87989,1,V8,1272,28333880,5/9/2024
Alero,Oldsmobile,5N1AT2ML3EC555005,Violet,2001,135931,0,V8,586,88819949,10/30/2024
Supra,Toyota,2T1BURHE6EC796042,Maroon,1995,21521,1,Inline-6,1761,82502718,5/22/2024
Neon,Dodge,WBA3X9C51FD029090,Mauv,1995,26538,1,Inline-4,881,79975321,8/21/2024
Neon,Dodge,JH4CU2F60BC095765,Blue,1996,807,1,V8,1948,35828843,4/5/2024
Civic,Honda,JN1BV7AP6FM728067,Yellow,2008,104187,1,V6,1861,41145678,4/21/2024
Echo,Toyota,5UXFA93506L403064,Green,2005,54584,1,Inline-6,1893,64222731,9/26/2024
6 Series,BMW,WDDHF2EB1CA692913,Pink,2007,64285,1,Inline-6,1177,65244456,8/10/2024
Town & Country,Chrysler,JN1AZ4EH2BM322184,Yellow,2001,72957,1,Inline-6,1583,94065932,9/19/2024
928,Porsche,WBA3C1C5XDF700979,Fuscia,1991,171018,0,V12,737,64702536,12/10/2023
F-Series,Ford,NM0KS7DN0AT071696,Turquoise,2005,143425,1,Inline-6,939,20608442,1/2/2024
Jimmy,GMC,4T1BK1EB2FU430760,Aquamarine,2000,105291,1,Inline-6,1513,26334197,5/18/2024
XK Series,Jaguar,JTDKN3DU8F0520691,Crimson,1999,141546,0,Inline-6,1809,26749792,2/3/2024
Venture,Chevrolet,WBALZ5C53CC117983,Orange,2001,133491,1,V12,1231,76239112,4/30/2024
Prius,Toyota,WAUMGBFL4BA364538,Green,2002,79078,1,V6,517,10906893,10/17/2024
Q7,Audi,JHMZE2H37DS646566,Aquamarine,2008,29450,1,Inline-4,996,38179345,11/10/2024
6000,Pontiac,WAUMR44E55N139455,Fuscia,1984,35486,0,Inline-6,877,83702898,11/12/2024
Regal,Buick,1G6KE57Y75U339716,Teal,2004,151365,0,V6,687,48869698,3/15/2024
V70,Volvo,2G4GT5GCXB9815314,Puce,1998,52812,0,Inline-4,1812,53648828,4/20/2024
530,BMW,WBAET37412N930306,Teal,2002,144719,0,Inline-6,1701,3425051,1/31/2024
323,Mazda,JH4CU2E88EC272294,Khaki,1994,52066,1,V12,1551,58635789,4/22/2024
Ridgeline,Honda,1C4NJPBA6ED846621,Maroon,2009,87902,1,V8,1490,22660870,5/16/2024
Sonata,Hyundai,1N4AA5AP6AC327938,Indigo,2000,125452,1,Inline-6,1566,54306366,7/24/2024
Skylark,Buick,1FTNX2A57AE122010,Goldenrod,1997,12379,1,Inline-4,1814,12111259,5/23/2024
Tacoma,Toyota,WA1CFAFPXCA983753,Crimson,2004,79713,0,V6,1832,99254295,1/19/2024
Galant,Mitsubishi,1YVHZ8BA4A5479227,Green,1994,116127,1,V8,524,34435029,3/31/2024
Monte Carlo,Chevrolet,1C6RD7FP9CS779181,Puce,2006,85137,1,V12,1325,19130276,6/23/2024
Coachbuilder,Buick,5FNYF3H39FB607719,Fuscia,1992,91068,0,V12,1926,7441668,3/8/2024
A3,Audi,WBAFU9C57CD726667,Orange,2011,163227,1,V8,1901,343524,10/3/2024
Sonoma Club Coupe,GMC,WDDEJ7HB4AA218672,Maroon,1994,101186,1,Inline-6,1260,80421549,5/19/2024
Avalanche 1500,Chevrolet,1FTEW1C84AK649024,Pink,2004,35193,0,V8,1887,76048732,2/13/2024
Classic,Chevrolet,WAUBNAFB3BN591467,Turquoise,2005,199270,0,Inline-6,1179,9035191,5/22/2024
LS,Lexus,3GTXKYEJ5AG563017,Turquoise,1993,63569,0,V12,1064,59553080,3/9/2024
Discovery,Land Rover,WBAPH57599N752783,Yellow,2010,86649,0,Inline-4,1965,73582305,10/7/2024
3500,Chevrolet,5UXWY3C53F0289801,Purple,2000,107437,0,Inline-4,526,30948180,10/8/2024
Prowler,Chrysler,WAUDT48H06K187857,Red,2001,159128,0,V12,518,13408333,2/27/2024
Previa,Toyota,19VDE1F55FE937060,Goldenrod,1993,111359,0,V12,1961,15453781,5/2/2024
Grand Prix,Pontiac,WBA3N7C58EK571582,Crimson,1968,43102,0,V6,1664,82264072,8/13/2024
240SX,Nissan,WBALL5C51FP846580,Crimson,1994,33294,0,Inline-6,800,79192866,8/25/2024
RVR,Mitsubishi,KNAFU5A29B5425425,Green,1994,55593,0,V6,1021,96743842,11/5/2024
Sierra Denali,GMC,WBAYP1C50FD898979,Khaki,2006,185679,0,Inline-6,1058,12500411,7/4/2024
Leone,Subaru,SAJWA8JH9EM558523,Blue,1986,7658,1,V6,1054,70403161,12/8/2023
Corolla,Toyota,YV1612FH5D2173484,Purple,2006,15991,1,V6,555,73371787,1/9/2024
F250,Ford,KMHHT6KJ3FU937781,Violet,2001,64989,1,Inline-4,1974,34719262,12/11/2023
Caravan,Dodge,WAUDGAFL3DA818596,Yellow,1992,86092,1,Inline-6,1183,63272819,3/17/2024
Talon,Eagle,1G6DG5EG5A0699985,Green,1998,63873,1,Inline-6,1396,79400630,9/23/2024
LS,Lincoln,TRUWT28N221823612,Turquoise,2000,134136,1,V12,799,76837729,12/19/2023
Titan,Nissan,YV126MFCXF1846679,Green,2012,104804,0,V6,551,80999073,10/8/2024
XK,Jaguar,WA1EV74L67D857005,Maroon,2012,136367,0,V8,1653,34861868,8/28/2024
9-3,Saab,1GD21ZCG1CZ966744,Fuscia,2007,56880,0,V8,687,24951745,3/15/2024
Blazer,Chevrolet,SCBDC3ZA8DC989212,Violet,2003,121626,1,Inline-6,1721,66715824,1/28/2024
Grand Prix,Pontiac,1GYEE637870564308,Crimson,2008,126218,0,Inline-6,933,29234936,8/17/2024
Samurai,Suzuki,2G4WS52J431617932,Mauv,1992,52559,1,V6,1327,28336178,12/30/2023
X5 M,BMW,JN8AZ1MU5CW550443,Aquamarine,2011,140844,0,V12,894,372767,3/19/2024
E250,Ford,5N1AR2MM2FC533733,Violet,2008,22731,1,V6,802,60008804,8/5/2024
S-Class,Mercedes-Benz,WAUBF78E88A605158,Orange,1989,191461,0,V8,1478,97687143,9/16/2024
Windstar,Ford,1VWAH7A3XEC716552,Orange,2001,112740,1,V8,1929,57550632,7/14/2024
E-Class,Mercedes-Benz,WAUKD78P77A944113,Pink,2002,68054,0,V12,515,33138274,10/5/2024
Prelude,Honda,JN1CV6AP1AM508794,Indigo,2000,141844,1,Inline-6,1607,43172552,12/2/2023
E-Series,Ford,WBA3A5C52FF200055,Orange,1996,44588,1,V12,701,90747602,6/10/2024
Biturbo,Maserati,WA1DMAFP1EA360003,Pink,1985,138187,0,Inline-6,1776,98857262,8/7/2024
H2,Hummer,1G6DN57S350751594,Indigo,2009,180236,0,V8,1683,98512726,11/11/2024
Spyder,Maserati,WBA3A9G58DN477443,Yellow,2004,88641,0,Inline-4,814,3748362,5/27/2024
545,BMW,WAUWFAFH2CN897712,Aquamarine,2004,97347,1,V12,539,78341560,1/28/2024
Trooper,Isuzu,1B3BD2FB8BN283076,Red,1998,19857,0,Inline-4,1411,21362425,6/6/2024
Forester,Subaru,1GYS3GEF2DR784991,Maroon,1999,116689,1,Inline-4,1624,8114773,7/25/2024
6000,Pontiac,JTDKDTB31F1505487,Fuscia,1986,109978,0,V8,692,92220884,8/19/2024
Diablo,Lamborghini,WAUJT54B53N801015,Purple,1995,185078,1,V8,866,68882654,10/26/2024
Mazdaspeed6,Mazda,3FAHP0KC5AR845732,Purple,2007,122045,1,V6,1374,79644588,7/1/2024
Elantra,Hyundai,WAUEFAFL1AN618411,Orange,2003,118296,1,V6,1162,18469527,12/23/2023
Durango,Dodge,SAJWA4DC9BM951605,Pink,2006,140618,1,V12,764,72479974,7/27/2024
Defender,Land Rover,3D73Y4HL6AG661207,Teal,1992,56705,0,V12,541,63754159,12/31/2023
3500,Chevrolet,4USBT53555L039557,Aquamarine,1995,180630,0,Inline-6,743,90474442,10/17/2024
9-3,Saab,1N4AB7AP4DN978910,Mauv,2009,49287,1,Inline-6,1437,42927541,8/26/2024
Exige,Lotus,1G6DM1ED7B0984440,Crimson,2006,159789,0,V12,826,18975622,1/29/2024
Omni,Dodge,1D4PT4GX3BW735333,Aquamarine,1978,41045,1,Inline-6,1638,79345583,12/6/2023
Liberty,Jeep,WBA3T3C50EP386847,Mauv,2007,104473,0,Inline-6,1319,24601728,8/12/2024
Mazda5,Mazda,1YVHZ8AH0A5887478,Crimson,2006,101838,1,V8,1331,19253754,7/3/2024
Ram Van 1500,Dodge,3C4PDCAB8ET617807,Purple,1997,164680,0,Inline-4,940,53522596,1/12/2024
Festiva,Ford,WAUDC68D71A507215,Goldenrod,1991,54477,1,V8,1673,90761859,10/16/2024
Grand Prix,Pontiac,WAUKGAFB4BN545222,Khaki,1962,161264,1,Inline-6,1539,2782589,6/21/2024
Yukon,GMC,3GYVKMEF5AG075465,Fuscia,2001,169578,1,V12,652,15522842,2/19/2024
Concorde,Chrysler,1N6AA0CH7DN145853,Yellow,1996,76698,1,V8,1686,9459101,8/29/2024
Eclipse,Mitsubishi,WAUDF78E57A026748,Fuscia,2005,28885,1,Inline-6,1155,938647,2/25/2024
Blazer,Chevrolet,1G4GD5ED1BF027585,Crimson,1999,146507,0,Inline-4,1029,47125077,12/17/2023
Corvette,Chevrolet,WBALM7C51CE000269,Red,2010,149006,1,Inline-4,779,30493176,7/28/2024
QX,Infiniti,5N1AN0NW1DN375970,Crimson,2012,143425,0,V6,1972,48202506,2/29/2024
Mustang,Ford,SCFAD01A86G246733,Red,2013,110676,1,V6,999,1177738,10/20/2024
Classic,Rambler,1GYS4CEF4CR524399,Goldenrod,1963,69283,1,Inline-6,508,971335,11/21/2023
Cherokee,Jeep,WAUCFAFH0CN331406,Turquoise,1997,111199,0,V6,751,45071946,1/28/2024
Bel Air,Chevrolet,WBANW13519C427813,Pink,1967,75034,1,V12,1620,2788744,4/7/2024
G,Infiniti,WP0AA2A86AU863414,Maroon,1995,155479,0,V12,1511,62504806,12/12/2023
XJ,Jaguar,1C3CCBBB0DN716876,Pink,2007,10628,0,V8,655,29405961,3/20/2024
Mazda6,Mazda,JM1NC2JF0E0112753,Blue,2009,45529,1,V12,1709,54044577,8/9/2024
Express 2500,Chevrolet,WVWED7AJ7DW354546,Goldenrod,2005,198420,1,V8,1144,99473727,9/14/2024
Colorado,Chevrolet,1GYS4MKJ0FR515170,Teal,2007,67523,1,Inline-6,939,57302007,9/5/2024
928,Porsche,WVGAV7AX1CW468133,Violet,1986,131663,1,V8,1282,16946333,5/5/2024
Park Avenue,Buick,JM1NC2LF5E0721205,Red,1997,111263,1,Inline-6,745,38797183,4/18/2024
GTI,Volkswagen,1G4HP54K254963954,Puce,2001,138127,0,V6,1825,24760082,4/3/2024
Expedition,Ford,WAUXL58E34A612418,Violet,2000,93467,0,V12,1657,49452674,12/24/2023
Tribute,Mazda,5UXWX7C50E0261429,Blue,2002,91787,1,V6,613,86430686,5/6/2024
TL,Acura,WAUHF78P49A311172,Maroon,2012,103829,0,V12,1606,90890228,5/2/2024
MR2,Toyota,WDDGF4HB5DA154378,Pink,1994,83307,1,V8,1849,35859952,8/27/2024
New Beetle,Volkswagen,WP0AA2A99BS459108,Goldenrod,2007,69046,1,V8,1963,62297296,3/26/2024
Legend,Acura,JHMZF1D42CS381365,Violet,1989,75689,0,V12,772,86066682,8/7/2024
EX,Infiniti,SCFAB22353K890751,Goldenrod,2010,135397,0,Inline-6,1305,22775719,10/30/2024
Tracker,Geo,1FTEX1C82AF206361,Mauv,1996,134030,1,V8,1179,58778588,3/3/2024
Pilot,Honda,2C3CDXGJ1CH002630,Mauv,2005,151835,1,V8,1937,81965912,7/17/2024
S60,Volvo,2V4RW3D15AR113224,Pink,2008,80484,0,V12,1412,99659067,12/9/2023
Liberty,Jeep,JHMZF1C40BS523194,Indigo,2007,171855,1,V8,1184,66907604,9/8/2024
XC70,Volvo,WUAAU34209N351385,Fuscia,2006,43630,0,V12,1887,66053109,7/21/2024
Fox,Volkswagen,19UUB2F75FA021782,Puce,1989,8634,1,Inline-6,1460,17323680,7/22/2024
Ranger,Ford,WAUWFAFR9EA241574,Purple,1988,183661,1,Inline-6,1310,25585274,6/25/2024
5 Series,BMW,1HGCR6F37EA892032,Crimson,1999,34508,0,V8,1896,89071924,7/7/2024
Civic,Honda,WBABD33456J188950,Blue,1994,155473,0,Inline-6,753,7460293,10/30/2024
Ranger,Ford,2T1BURHE8FC636326,Indigo,1994,139958,0,Inline-4,1150,85522845,6/30/2024
Mark VIII,Lincoln,19VDE1F71EE174129,Khaki,1998,194260,0,V12,550,41815462,3/25/2024
Highlander,Toyota,1N6AF0LX2EN501460,Blue,2008,188070,1,V6,1508,61306420,1/7/2024
Tempest,Pontiac,1G6DF5E51D0528978,Puce,1961,128983,0,Inline-4,1672,23576824,7/9/2024
RAV4,Toyota,KMHCM3AC5AU384990,Green,2004,112157,0,Inline-6,1434,51486806,12/2/2023
Altima,Nissan,WBA3B9C56FF201990,Aquamarine,2012,161988,1,V12,538,34404436,8/9/2024
Hombre Space,Isuzu,JN1AZ4EH4CM513039,Indigo,1997,145353,1,Inline-4,602,5539916,8/17/2024
Elantra,Hyundai,WBAFR9C55BC743070,Green,1992,23606,1,V6,657,91016308,12/2/2023
Terrain,GMC,YV1612FH0D1651719,Purple,2011,84781,0,Inline-6,1631,25431994,3/22/2024
Capri,Mercury,WAURMAFD0EN685829,Violet,1985,26487,1,V6,1828,19064263,3/24/2024
Liberty,Jeep,JTHBW1GGXF2592874,Turquoise,2012,52278,1,V8,1578,76408824,9/24/2024
Grand Marquis,Mercury,3FADP0L37CR236397,Blue,2008,72336,1,V6,1850,99293638,7/23/2024
Cavalier,Chevrolet,WA1DKAFP8BA996449,Violet,1995,80897,0,V12,646,6361830,1/12/2024
Murciélago,Lamborghini,4USDU53447L793629,Puce,2009,1126,1,V6,606,30300014,10/25/2024
Cutlass Supreme,Oldsmobile,WAUVT68E14A309618,Goldenrod,1997,185513,0,V6,866,90948529,7/21/2024
A3,Audi,WBAEV33484P798300,Crimson,2007,51173,0,Inline-4,1556,809119,7/15/2024
RL,Acura,WVWGD7AJXEW424325,Maroon,1998,78376,0,V6,865,19593197,6/29/2024
Lancer,Mitsubishi,1G6DH1E34E0465586,Orange,2009,123615,0,Inline-6,1113,84940929,4/16/2024
8 Series,BMW,WP0AB2A82CU701814,Teal,1992,62547,1,V6,568,95451709,5/5/2024
Elantra,Hyundai,1G4CU541X34631607,Maroon,2004,29197,0,Inline-4,1989,55530955,3/26/2024
MKX,Lincoln,5N1AA0NC1AN340665,Mauv,2012,170325,1,Inline-6,1168,60209818,4/21/2024
Silverado,Chevrolet,WAUUFAFH1BN738251,Puce,2010,175852,0,V6,862,58243900,12/15/2023
Navigator L,Lincoln,JH4CU2E6XBC460874,Crimson,2011,81391,0,V6,1869,66467525,3/16/2024
MR2,Toyota,5LMJJ2H58BE671055,Red,1993,71711,1,V12,659,25217858,5/15/2024
Econoline E350,Ford,1GT3CZBG0AF319836,Yellow,2001,28299,1,V8,811,25711036,10/23/2024
7 Series,BMW,1FTWX3B56AE707833,Khaki,1992,105624,1,V6,569,77433646,8/13/2024
X5,BMW,1C6RD7HT1CS050313,Red,2003,43262,0,V8,1098,25732753,4/29/2024
Classic,Chevrolet,WAUVT58E95A051621,Orange,2004,172268,1,V12,749,5848444,3/6/2024
Accord Crosstour,Honda,WAUAF48H99K346230,Crimson,2011,37048,1,Inline-4,1239,76933556,12/14/2023
Lancer,Mitsubishi,WAUKF98EX7A138318,Khaki,2011,182758,0,Inline-4,813,64460596,1/6/2024
Miata MX-5,Mazda,2G4GS5GX8F9590788,Purple,2005,18709,0,V6,1715,31005674,6/27/2024
Mountaineer,Mercury,1C3BC6EV9AN486758,Goldenrod,2010,79933,1,Inline-4,1707,69485522,9/21/2024
Prius,Toyota,WAUVC58E83A676279,Khaki,2001,46942,1,V6,1333,12577165,4/23/2024
Horizon,Plymouth,3D7TT2CT0AG018104,Teal,1978,89983,1,Inline-4,1403,97371280,9/15/2024
F250,Ford,WA1LMBFE9BD757422,Blue,1992,102422,1,Inline-4,1018,38873173,7/17/2024
Allroad,Audi,3GTXKYEJ8AG645520,Turquoise,2002,99234,0,V12,529,18713199,11/6/2024
Q5,Audi,3D7TP2CT0BG877389,Teal,2011,54628,0,V8,1020,93379058,5/29/2024
G35,Infiniti,SCFFDAAE5CG295110,Violet,2006,7231,0,V6,1502,75886581,3/22/2024
Prowler,Plymouth,3VW1K7AJXDM547548,Violet,1999,56274,1,Inline-6,1194,87922747,6/26/2024
Grand Prix,Pontiac,WAUDC68D81A621143,Khaki,1986,25032,0,V6,1050,98166548,10/26/2024
Space,Isuzu,SCBBR9ZA1CC687123,Fuscia,1994,105681,1,V6,1654,15801559,4/23/2024
Mark LT,Lincoln,1G6DM8E38D0771189,Goldenrod,2006,26738,0,Inline-6,1526,75761139,9/26/2024
MX-6,Mazda,1G6DA8E5XC0409907,Turquoise,1991,90058,1,Inline-6,953,82449736,10/27/2024
LSS,Oldsmobile,WAUPFBFM7BA264829,Yellow,1999,68212,0,V12,1537,20571617,1/14/2024
Yukon XL 2500,GMC,4USDU53508L637517,Fuscia,2012,195907,0,V6,1950,43081989,6/1/2024
Cooper Countryman,MINI,JTDKDTB39D1318267,Teal,2012,190680,1,Inline-4,988,61270205,2/27/2024
H1,Hummer,SCBBR93W67C521934,Mauv,2001,29953,1,Inline-4,529,49361371,7/25/2024
MKZ,Lincoln,1C3CCBABXDN248933,Puce,2010,30489,0,Inline-4,846,51647249,9/10/2024
GS,Lexus,JN8AS5MT5DW501845,Goldenrod,2008,94486,1,Inline-4,1688,87749303,3/17/2024
Firebird,Pontiac,SCFEBBAK1CG035932,Yellow,1991,5091,0,V6,1777,6583527,12/8/2023
Mark LT,Lincoln,WAUDF48H37K701063,Pink,2007,84639,0,V12,1437,62363875,5/5/2024
Mazda6,Mazda,4T1BF3EKXBU196684,Violet,2013,31180,0,V6,1131,24581803,9/7/2024
Vigor,Acura,JTHBE1BL7F1708562,Maroon,1993,174225,0,Inline-4,1291,35604032,10/2/2024
Savana 2500,GMC,4A31K2DF3BE470549,Blue,2011,14308,1,Inline-4,1659,19941957,5/23/2024
B-Series,Mazda,2G4WD582761326887,Pink,1999,117069,0,V6,1680,32350677,4/8/2024
i-Series,Isuzu,WAULH64B71N573502,Indigo,2007,152532,0,V8,1243,90412531,1/20/2024
Navigator,Lincoln,19XFB2F55DE975982,Aquamarine,2012,160923,1,Inline-6,1435,92361421,9/1/2024
Grand Marquis,Mercury,WDDPK4HA6CF939772,Green,2002,106486,1,V12,1509,93051621,3/30/2024
S-Type,Jaguar,1G6DL67A380272387,Fuscia,2003,136670,1,V8,1021,95609267,3/22/2024
Villager,Mercury,WA1CGBFE3CD655431,Maroon,1994,184779,0,V6,664,29543567,9/10/2024
1500,GMC,5GADX23L55D124006,Fuscia,1995,9718,1,V6,569,59658061,9/15/2024
Caprice,Chevrolet,WVWBB7AJ1DW592501,Khaki,1994,42185,1,V8,1355,38466552,7/24/2024
Sierra,GMC,JN8AZ2KR9AT106193,Green,2009,37049,0,Inline-6,1814,72476867,3/20/2024
Murciélago,Lamborghini,2G4WC582481681649,Crimson,2005,93551,0,Inline-4,1169,98756822,2/15/2024
PT Cruiser,Chrysler,WAUEH98E97A405472,Mauv,2001,175518,1,V6,1789,2937798,9/18/2024
Savana 3500,GMC,WA1DKAFP7BA231779,Yellow,2006,189439,1,V8,1112,24076942,10/11/2024
MX-3,Mazda,WDCGG0EB7EG672165,Violet,1994,54128,1,Inline-4,573,44006954,5/14/2024
MX-6,Mazda,WAUCFAFC5EN805017,Red,1989,114605,1,V12,1012,90072716,11/16/2023
XC90,Volvo,WAUMFAFL8BN084448,Blue,2003,153259,1,Inline-6,1340,74341927,2/8/2024
Mustang,Ford,WAUEH98EX7A181662,Fuscia,1968,61215,1,Inline-6,639,76987945,10/20/2024
SX4,Suzuki,1G6DG8EY5B0960012,Maroon,2011,131521,1,Inline-6,1454,91878882,1/29/2024
GTO,Mitsubishi,1G6DM5E35C0855533,Fuscia,1993,13245,1,V12,1677,28616454,7/25/2024
Sequoia,Toyota,WP0CB2A86FS028454,Yellow,2009,42191,1,V8,634,22547506,6/26/2024
Altima,Nissan,WAUMR44E85N918574,Indigo,1996,106490,0,Inline-4,1317,62168680,8/3/2024
Freestar,Ford,1C3BC6EV5AN560452,Purple,2005,122497,0,V8,789,38943400,1/15/2024
Escalade EXT,Cadillac,1N6AD0CU5AC777939,Pink,2004,78794,1,Inline-4,1129,31681847,11/3/2024
458 Italia,Ferrari,1G4HA5EM6BU077584,Green,2011,86301,0,Inline-4,1485,79640361,1/11/2024
FX,Infiniti,5FRYD4H27GB097048,Yellow,2005,106329,0,Inline-6,848,6291611,9/30/2024
Grand Am,Pontiac,JTMHY7AJ7D4848760,Teal,1990,143382,0,Inline-6,1657,22893046,6/4/2024
Evora,Lotus,5N3ZA0NC1AN779357,Violet,2010,69541,0,V12,1024,67554577,3/16/2024
Impala,Chevrolet,3C4PDDEG1ET884332,Turquoise,2010,97911,1,Inline-6,1050,4706418,5/23/2024
MR2,Toyota,WAUEFBFL5EN944692,Maroon,1986,158216,1,V8,1379,22115322,8/22/2024
5 Series,BMW,5NPEB4AC6CH102927,Blue,2002,41293,0,Inline-6,911,29313383,12/21/2023
Sierra 1500,GMC,19UUA9F21CA862249,Aquamarine,2002,24147,1,V12,1368,65276633,7/11/2024
S-Class,Mercedes-Benz,3MZBM1L74EM657395,Goldenrod,2010,3288,0,V12,1229,60705583,3/10/2024
XC60,Volvo,2C3CDXCT1CH275770,Blue,2011,194825,1,V12,1053,61291829,8/17/2024
DeVille,Cadillac,1FTWW3B54AE347805,Indigo,1999,129647,0,V8,1610,87401118,3/16/2024
Ram 3500,Dodge,WAUHFAFL1EN851496,Indigo,2000,121812,1,V8,1152,47864333,12/3/2023
968,Porsche,19XFA1E52BE210322,Crimson,1993,177314,1,V6,1642,53737302,8/1/2024
Celica,Toyota,JN8AZ1MU8EW255484,Crimson,2002,64313,0,V8,1476,40401938,2/6/2024
Sephia,Kia,WAUPL68E14A637131,Orange,1998,31292,0,Inline-6,923,17874985,4/21/2024
Ram 1500,Dodge,WAUSH98E66A046454,Blue,1995,100940,1,V12,1252,79394248,4/15/2024
Bronco,Ford,WAULK78K49N023431,Pink,1984,44270,1,Inline-4,544,34043989,7/3/2024
X6,BMW,WVGFF9BP5BD525599,Yellow,2011,8843,0,Inline-6,1189,66634110,10/20/2024
Nitro,Dodge,4T1BF3EK6BU877800,Mauv,2010,94125,0,Inline-6,1992,44683319,10/29/2024
M,Infiniti,1FMJU1G58AE408209,Turquoise,1992,2940,1,V12,1478,59881137,6/30/2024
M5,BMW,WAUMFAFRXEA277345,Indigo,2003,160878,1,Inline-6,1755,96268082,1/14/2024
90,Audi,1GYFC13299R180280,Khaki,1988,111872,1,V6,1246,11487143,7/12/2024
3500,Ram,3D4PH9FG5BT794728,Teal,2012,78129,1,Inline-6,1528,43813371,4/23/2024
Leganza,Daewoo,WA1DKBFP4CA728361,Yellow,2002,81787,1,Inline-6,1796,43229408,10/8/2024
Corolla,Toyota,WBA3D5C57FK952994,Mauv,1992,15267,0,Inline-4,1183,28601705,6/3/2024
Vandura 2500,GMC,WBAUU3C58BA153704,Aquamarine,1994,79382,1,V12,1273,29680969,8/30/2024
Integra,Acura,KNAFK4A63E5656456,Red,1999,166242,1,V12,1662,49374992,9/18/2024
Lumina,Chevrolet,KMHCM3AC3AU526317,Violet,2000,95567,1,V6,1237,584933,3/3/2024
Tracker,Geo,WAUKH78E66A171961,Yellow,1993,12146,1,Inline-4,1376,58683622,1/23/2024
Miata MX-5,Mazda,WAUNF98P27A644238,Aquamarine,2008,195233,0,V8,648,80965026,3/3/2024
3000GT,Mitsubishi,1VWAH7A38EC941679,Green,1995,182147,1,Inline-4,1017,69775607,5/21/2024
Cirrus,Chrysler,1G6DN57UX60797328,Turquoise,1995,112017,0,Inline-6,1774,28327847,6/17/2024
Frontier,Nissan,JH4CU4F45BC364269,Indigo,2010,140516,0,Inline-6,1941,3679558,8/20/2024
Aveo,Chevrolet,5N1AR2MM4DC028595,Indigo,2008,74774,0,V8,1800,89132007,1/19/2024
E-Class,Mercedes-Benz,WBA3R1C56EF032274,Crimson,1996,8741,0,Inline-6,1692,71091029,1/8/2024
Savana 3500,GMC,WAUDN74F18N646394,Violet,2009,71625,1,Inline-6,1568,17145930,1/22/2024
Cooper,MINI,ZHWGU5BR9EL762168,Orange,2012,43296,1,Inline-6,1361,27572079,1/1/2024
Passat,Volkswagen,WA1CV74L67D278345,Crimson,2002,38910,0,Inline-6,1419,15510038,5/25/2024
F350,Ford,1N6AF0KY6FN670599,Pink,2003,150205,0,Inline-4,1610,87096242,12/28/2023
Sprinter 2500,Mercedes-Benz,1G4CU541734434796,Purple,2012,56886,1,V6,1035,42116035,5/29/2024
Azera,Hyundai,W04GU5GC3B1512309,Turquoise,2009,101003,0,V12,544,50356534,5/25/2024
Pacifica,Chrysler,1G6DL8ED6B0926069,Khaki,2007,95846,0,V12,1297,92178880,4/29/2024
Phantom,Rolls-Royce,2C3CCAKG5FH564174,Khaki,2011,20635,1,V6,904,62138818,8/21/2024
Eos,Volkswagen,5UXFE435X7L124651,Fuscia,2012,794,0,V12,948,41931604,11/19/2023
Continental,Lincoln,1G6KD57Y06U641367,Red,1994,28298,0,V6,780,60587870,9/2/2024
CX-7,Mazda,JTDKN3DU7F0349285,Blue,2012,55602,1,Inline-6,758,80180819,6/9/2024
Lancer,Mitsubishi,2G61L5S39E9442274,Khaki,2007,164255,0,V8,1411,24850313,12/31/2023
New Yorker,Chrysler,WBAKF5C54CE241480,Teal,1996,113415,1,V8,1884,11649640,9/15/2024
Voyager,Plymouth,NM0KS9BN3AT437407,Crimson,1997,165512,0,Inline-4,1758,93015408,6/3/2024
Riviera,Buick,SALAC2D46AA270374,Yellow,1987,135485,0,V6,1859,6975187,11/12/2024
3000GT,Mitsubishi,1C4RDJEG8CC331385,Maroon,1999,120799,1,Inline-4,1576,4201458,12/28/2023
RX,Lexus,WBAVA37508N018242,Yellow,1999,127523,1,V6,1011,79025389,6/25/2024
Aspire,Ford,SCFFDABE3CG830031,Turquoise,1996,100269,1,V6,1121,28060800,5/14/2024
Continental Flying Spur,Bentley,WAUPFAFM9AA273914,Goldenrod,2010,105328,0,Inline-6,1864,61900932,2/2/2024
Charger,Dodge,WA1MKAFPXAA204347,Indigo,2008,102202,1,V6,1524,82173095,4/21/2024
Echo,Toyota,1D4PT6GX5BW672621,Crimson,2005,121718,1,V12,1247,50132,1/22/2024
Cherokee,Jeep,2G61V5S37D9658021,Yellow,1996,74683,1,V8,1244,67756440,6/30/2024
Park Avenue,Buick,5GADT13S052466438,Indigo,2000,196773,1,Inline-4,1920,72801430,6/21/2024
Montana,Pontiac,19UUA65686A006311,Turquoise,2003,160647,0,V12,958,45346560,9/25/2024
Firebird,Pontiac,1C3CDZEG0CN457561,Turquoise,2001,147499,0,Inline-6,1981,12686456,6/23/2024
Tercel,Toyota,JH4CU2E8XDC919454,Pink,1998,185366,0,V8,1116,70444011,7/27/2024
RX,Lexus,1NXBU4EE8AZ660933,Indigo,2006,75403,0,V6,1356,86076105,6/14/2024
Z3,BMW,WBSDE93473C145909,Mauv,1999,110011,1,Inline-4,1964,91531351,4/17/2024
Avalanche,Chevrolet,1FTKR1AD1AP452101,Violet,2009,131322,0,Inline-4,1310,21806717,2/7/2024
400SEL,Mercedes-Benz,3N1AB7AP6FY653842,Crimson,1993,89000,1,V8,970,80093508,6/9/2024
Grand Cherokee,Jeep,3D4PH3FG1BT257349,Maroon,2007,98477,0,V8,1514,53907904,5/29/2024
Jetta,Volkswagen,WBSDE93452C866616,Goldenrod,1995,92988,0,V12,1759,50932246,7/31/2024
Outlook,Saturn,2HNYD2H26CH610908,Aquamarine,2009,166033,1,V12,946,56856935,3/26/2024
Tribute,Mazda,WAUDFAFC1FN507389,Aquamarine,2003,79314,0,V8,678,58952163,6/3/2024
Monterey,Mercury,1ZVBP8AM7E5267728,Orange,2006,193899,1,V6,1222,72676414,11/11/2024
300ZX,Nissan,YV1672MK7C2069770,Mauv,1995,129931,0,Inline-4,1241,49519035,6/30/2024
MX-6,Mazda,SCFAB02A76G702046,Purple,1996,63073,1,Inline-6,1958,34164981,5/6/2024
Accord,Honda,19UUA662X6A924167,Khaki,1991,47687,1,Inline-4,682,60965870,4/20/2024
A5,Audi,YV1902AH7D1792035,Fuscia,2011,82884,0,V6,1673,77595051,6/23/2024
Sable,Mercury,5UXWX7C50BL105031,Maroon,1989,110730,1,V6,584,92400577,4/17/2024
Avalanche 1500,Chevrolet,JTHBL5EF2E5480268,Pink,2005,7521,1,V8,636,17792947,3/8/2024
Cobalt,Chevrolet,3C63D3GL5CG844979,Fuscia,2006,135885,1,Inline-4,530,32562570,1/30/2024
Sentra,Nissan,WAUMR94E49N052035,Pink,2009,186509,0,V12,1284,65029264,4/14/2024
S80,Volvo,WBAKF9C58CE813576,Pink,2012,84476,1,V12,904,39810937,1/13/2024
SVX,Subaru,WUADNAFG3AN141102,Pink,1993,123815,1,Inline-4,1171,70898995,4/8/2024
Econoline E250,Ford,SCBLE37G13C973655,Blue,1994,149714,0,Inline-6,1396,80777148,5/2/2024
CTS,Cadillac,3D73Y4HL8AG505217,Indigo,2005,132805,0,Inline-6,1067,19654750,4/17/2024
Esperante,Panoz,WAUNF78P36A588068,Orange,2007,176430,1,V12,885,71197203,4/1/2024
Town & Country,Chrysler,SALVP2BG9FH053032,Goldenrod,1994,47425,1,Inline-6,650,69136781,2/8/2024
Pajero,Mitsubishi,WA1CFBFP8BA183828,Orange,1993,196249,1,Inline-6,1185,4191542,11/26/2023
Grand Prix Turbo,Pontiac,4T1BF1FK7EU223671,Blue,1990,190096,1,V12,1357,92353804,8/13/2024
Regal,Buick,1G6ET12942B050649,Pink,1993,150882,0,Inline-6,1523,44002682,12/27/2023
Familia,Mazda,3VWKX7AJ3AM245651,Red,1986,70045,0,V8,950,18438186,11/15/2023
Mini Cooper,Austin,WVGEP9BP1FD084858,Yellow,1961,196356,1,V8,927,36454105,1/24/2024
IS,Lexus,3N6CM0KN6DK123663,Fuscia,2012,113108,1,V8,1265,72708982,6/5/2024
Blazer,Chevrolet,WBSDX9C52DJ550172,Maroon,2000,66444,1,Inline-4,1505,84982435,1/30/2024
M,BMW,3VW217AU7FM344718,Blue,2002,44943,0,V6,1988,11865122,6/27/2024
DeVille,Cadillac,3N1AB7AP1FY413761,Indigo,1995,178454,1,V6,1232,37970752,10/28/2024
Freestyle,Ford,2C4RDGEG9FR757133,Crimson,2007,11946,0,V12,896,72056278,11/14/2024
Eclipse,Mitsubishi,5TDDK3DC8BS292529,Orange,1989,231,1,Inline-4,1165,13237795,10/5/2024
CL-Class,Mercedes-Benz,3C6JD6AK7CG891276,Fuscia,2001,199430,1,Inline-4,1185,60447460,5/5/2024
Continental,Bentley,2HNYD18965H528509,Mauv,2006,44867,1,V12,671,63556852,6/14/2024
Crown Victoria,Ford,WAUBF78E06A021799,Fuscia,2007,79386,0,V6,1682,21830278,8/21/2024
RVR,Mitsubishi,1D7RV1GP3BS803481,Indigo,1992,50644,1,Inline-6,1713,37800629,5/27/2024
LSS,Oldsmobile,SCFEBBCF2BG444018,Purple,1999,82432,0,V12,1669,10321082,3/29/2024
Liberty,Jeep,WBAKF3C54DJ895876,Orange,2007,137831,0,V6,1878,39706888,11/8/2024
S10,Chevrolet,1J4PR4GK4AC465023,Teal,1995,57795,0,V8,1699,68326824,9/13/2024
Highlander,Toyota,JTDKDTB32E1844175,Goldenrod,2004,194167,1,V8,1692,22522326,10/31/2024
Daewoo Lacetti,Suzuki,1D4PT7GX6AW085929,Blue,2004,21154,0,V6,520,89112992,11/20/2023
Sienna,Toyota,SCBEC9ZA6FC992765,Yellow,2007,109371,0,Inline-6,1133,29034194,2/11/2024
C-Class,Mercedes-Benz,1FTMF1EW5AF847059,Yellow,2000,120723,0,V6,1029,6540799,1/7/2024
Safari,Pontiac,2T1BURHE0FC468407,Aquamarine,1986,87988,1,Inline-6,1016,85008236,10/30/2024
Savana 3500,GMC,WAUSH78E87A043058,Yellow,2004,110620,1,V6,1012,6474400,3/16/2024
Echo,Toyota,3VW507AT4FM057859,Green,2005,197316,1,V8,1891,62980188,3/22/2024
Continental Flying Spur,Bentley,SCBLC37F23C966663,Indigo,2008,23767,1,Inline-6,549,43469208,6/22/2024
Dakota,Dodge,JM3TB2CA4E0327037,Red,2011,1369,0,V6,995,31908373,11/3/2024
Ranger,Ford,1FMJK1F50DE444388,Pink,1998,189498,1,Inline-4,1538,61613413,6/9/2024
LeSabre,Buick,1GYEC63848R212015,Yellow,1993,70692,0,V8,1392,63087976,4/11/2024
Crosstour,Honda,1G4CW54K734463041,Fuscia,2012,169360,0,V6,1196,7201945,6/18/2024
Grand Prix,Pontiac,WBSDX9C56DE410764,Orange,1985,48814,0,V8,1742,50672199,11/11/2024
Eclipse,Mitsubishi,JHMZE2H3XCS689362,Goldenrod,2009,96080,1,V6,1213,25118917,6/16/2024
929,Mazda,WAUGL68E85A306211,Pink,1991,145840,0,Inline-4,886,61035287,1/22/2024
XC90,Volvo,4T3BA3BBXFU778753,Purple,2009,68355,0,V6,755,36327856,8/15/2024
Accord,Honda,WBA3A9G53DN359218,Yellow,1997,11977,1,Inline-6,1721,54259430,12/31/2023
Rendezvous,Buick,WBSDE934X2C460718,Crimson,2007,83702,1,Inline-6,1939,90397896,3/24/2024
Q7,Audi,WAUGVAFR2CA197521,Yellow,2007,158648,0,V12,1576,80565761,7/10/2024
Express 3500,Chevrolet,WAUCFAFH4EN152062,Crimson,2011,112525,1,Inline-6,504,64963552,11/14/2024
F-Series,Ford,2B3CK9CV9AH500935,Goldenrod,1991,116199,1,Inline-4,1487,78079841,2/4/2024
Yukon,GMC,4T1BD1FK2FU292078,Fuscia,2000,137680,0,Inline-4,1688,4772540,1/22/2024
XJ Series,Jaguar,YV1940AS8B1915732,Aquamarine,2001,91325,1,V6,1313,75333741,3/17/2024
X-Type,Jaguar,2G4GU5GV6C9177398,Violet,2005,11338,1,Inline-4,831,78274110,3/27/2024
QX56,Infiniti,1GTN1UEH0FZ570805,Maroon,2007,100491,1,Inline-6,1085,94300867,9/20/2024
Express 1500,Chevrolet,WBAUL7C56BV094476,Blue,2006,144478,0,V12,1901,42362216,10/12/2024
FF,Ferrari,1FMCU0E73AK998120,Mauv,2012,52375,0,V6,1045,49499902,10/3/2024
F250,Ford,WAUNG74FX9N302935,Turquoise,2001,75732,0,V6,1613,89647297,3/24/2024
Century,Buick,WAUVC68E03A367864,Blue,1988,23593,0,V8,1188,10991171,10/19/2024
Bonneville,Pontiac,WUAUUAFG3F7741780,Mauv,2002,61033,1,V8,515,13637263,4/18/2024
Safari,GMC,WBSKG9C55CE644240,Goldenrod,1998,1007,0,V6,650,34564725,12/25/2023
Amanti,Kia,1C3CDZBG6DN683822,Turquoise,2005,190692,0,V6,611,45609291,5/16/2024
350Z,Nissan,1D7CE2GK3AS218446,Aquamarine,2003,170644,1,V8,746,81411525,10/17/2024
Aerostar,Ford,WBAEV33463K695162,Red,1992,65845,1,Inline-6,1875,70396992,10/13/2024
Uplander,Chevrolet,SAJWA4DC2AM386676,Violet,2005,40562,0,Inline-4,1273,50108288,12/9/2023
TrailBlazer,Chevrolet,WBANV135X8B871182,Green,2009,139499,0,V8,1556,75170036,12/19/2023
Venture,Chevrolet,3D73Y4HL2BG232115,Purple,2000,193518,0,V12,1109,10490304,8/1/2024
Sedona,Kia,5N1BA0NE7FN633418,Puce,2002,158769,1,V6,1770,2850099,3/10/2024
Murano,Nissan,JN1AZ4EH0FM445973,Crimson,2010,148172,1,Inline-4,582,71103400,8/26/2024
Cabriolet,Volkswagen,1N6AD0CW3EN104191,Goldenrod,1993,171710,1,V12,1747,93445865,8/24/2024
Aura,Saturn,WBA3A5G59DN741472,Fuscia,2008,57273,1,V6,1303,86887280,6/12/2024
Alero,Oldsmobile,WAUAF78E38A117053,Mauv,1999,56736,1,Inline-4,1323,85914829,5/9/2024
RDX,Acura,5GADT13S542643757,Fuscia,2012,83119,0,Inline-6,1064,33150422,3/14/2024
CLK-Class,Mercedes-Benz,WBAKX6C50CC603044,Yellow,2004,94654,1,Inline-6,1559,79345564,1/6/2024
8 Series,BMW,WBAUP73549V532992,Orange,1997,118472,1,V8,1083,78392654,9/30/2024
Impreza,Subaru,5UXZV4C56DL435471,Turquoise,1995,16376,1,V6,952,57361938,11/19/2023
MKZ,Lincoln,1G6KD54Y11U999039,Khaki,2011,110324,1,V8,753,16296247,9/20/2024
F350,Ford,1GTN1TEH6FZ925504,Aquamarine,1993,79922,0,V12,1753,65820925,6/14/2024
CLK-Class,Mercedes-Benz,YV4852CT1B1575630,Teal,1998,1729,0,V6,1874,81760860,9/27/2024
Dakota,Dodge,1N6AD0CU6DN209532,Blue,1992,130008,1,Inline-6,1071,40143052,6/8/2024
3000GT,Mitsubishi,2G4GT5GR4D9928828,Green,1996,122985,1,Inline-4,508,57904297,12/12/2023
Sebring,Chrysler,JTDKN3DU3B0685039,Indigo,1999,14867,0,Inline-6,1834,47774839,9/11/2024
Cobalt SS,Chevrolet,2C4RDGEG4ER500525,Pink,2009,109013,0,Inline-6,1861,25383267,7/7/2024
Regal,Buick,WAUEL94F66N703269,Crimson,1990,156590,0,V6,623,59135501,4/24/2024
S80,Volvo,SCFFDECN8CG048698,Khaki,2012,109500,1,V12,1161,61471675,4/17/2024
Tracer,Mercury,W04GT5GC8B1190642,Puce,1989,3781,0,V8,508,29353020,7/2/2024
Mark VIII,Lincoln,1FBNE3BL6ED399496,Mauv,1997,92428,0,V6,666,93092075,10/19/2024
S2000,Honda,SAJWA4HA4EM282849,Yellow,2008,169733,0,V8,1487,69361046,9/12/2024
Seville,Cadillac,1FTFW1E81AK807742,Crimson,1999,48933,1,Inline-4,734,8728270,6/7/2024
IPL G,Infiniti,KMHGN4JE3FU016174,Crimson,2011,66037,0,Inline-4,1439,51512431,6/22/2024
Safari,Pontiac,2T2BK1BA8AC991739,Indigo,1989,3307,1,V6,1807,90238124,1/14/2024
Tempest,Pontiac,4T1BK3DB9BU296479,Yellow,1965,133790,0,V12,1094,92852478,7/5/2024
Tahoe,Chevrolet,4JGBF2FB9AA671654,Mauv,1996,166855,0,V6,1583,85185349,8/28/2024
88,Oldsmobile,JTJBJRBZ7F2533253,Violet,1995,146060,1,Inline-4,697,84940537,6/9/2024
9-5,Saab,4T1BF1FK3DU328027,Puce,2003,103575,1,V8,517,50251604,1/22/2024
Town Car,Lincoln,WAUSF78E86A714829,Aquamarine,2011,57694,0,V8,1807,73435092,7/9/2024
Crown Victoria,Ford,3C6TD4DT3CG678147,Turquoise,2003,38279,1,Inline-4,1229,38571144,5/20/2024
J,Infiniti,1N4AL2AP3CN305797,Pink,1996,155504,1,V12,929,25867793,11/9/2024
Bonneville,Pontiac,3N6CM0KN9EK608297,Purple,1999,101996,1,V12,1534,62995003,2/10/2024
Express 2500,Chevrolet,YV440MBK9F1531026,Maroon,2011,137750,0,V12,852,82907099,12/24/2023
Roadrunner,Plymouth,WBAWB33518P898072,Red,1969,17573,0,Inline-4,1200,81021998,8/27/2024
Ghost,Rolls-Royce,WAU4GBFB2BN330954,Turquoise,2012,136704,1,V8,1133,94016083,10/13/2024
Aveo,Chevrolet,1G6DT57V180842769,Teal,2008,78118,0,Inline-6,1589,87068988,3/18/2024
Rapide,Aston Martin,WBXPC9C46AW042117,Puce,2011,20914,1,V6,845,14712406,7/20/2024
Suburban 1500,Chevrolet,1FTWW3B57AE851507,Red,2010,93389,0,V12,1408,74595902,1/11/2024
Cabriolet,Volkswagen,WAUHF98P58A773203,Puce,1993,189841,0,Inline-4,1402,63175012,2/27/2024
Aerostar,Ford,19XFB2E55CE437315,Turquoise,1995,4528,1,Inline-6,1260,41150646,11/23/2023
Allante,Cadillac,WAUCFAFRXBA934538,Turquoise,1992,167867,1,V12,1293,67401364,11/18/2023
4Runner,Toyota,KNAFX6A80E5004814,Aquamarine,1996,86068,0,V8,1921,35347797,3/24/2024
Eurovan,Volkswagen,WBAEJ13431A323121,Maroon,2002,101282,1,V6,539,93254169,8/17/2024
Town Car,Lincoln,WAUAFAFL5DN424032,Fuscia,1992,191590,0,Inline-4,676,93130738,1/2/2024
Tundra,Toyota,WBABD53475P663571,Aquamarine,2010,165793,0,Inline-4,1063,45769140,7/27/2024
Amigo,Isuzu,1GD311CG4FF776772,Indigo,1992,57714,1,V6,930,12698738,8/23/2024
Cooper Clubman,MINI,WAUDH78E66A660174,Crimson,2011,93846,1,Inline-4,1479,69705774,1/22/2024
Jetta,Volkswagen,1G4PT5SV2E4170948,Aquamarine,2003,119742,1,V6,813,53170044,6/16/2024
Aspire,Ford,1GYS3KEF4CR173586,Teal,1995,144048,0,Inline-4,1201,65317966,12/31/2023
Lancer,Mitsubishi,WAUAH74F57N386428,Blue,2006,199057,1,Inline-4,924,39406541,2/4/2024
Sonata,Hyundai,WBANV13518B829855,Blue,2002,189391,0,Inline-6,750,11352692,10/12/2024
Focus,Ford,TRUXD38J891861411,Maroon,2007,116440,1,V6,942,98774866,1/15/2024
Lancer,Mitsubishi,SALSF2D40DA584988,Teal,2009,159745,1,V6,517,74632966,10/24/2024
VS Commodore,Holden,WAULT68E12A784089,Orange,1997,41614,0,Inline-6,1449,52782262,11/12/2024
S2000,Honda,4A4JM2AS7BE714789,Purple,2009,85947,0,V12,1998,32693693,10/24/2024
G5,Pontiac,WAUVC68E83A426336,Crimson,2007,145039,1,Inline-4,1410,59993157,8/14/2024
Yukon,GMC,1D7CE3BK4AS608646,Crimson,2008,139260,1,V12,929,68788416,2/1/2024
Sierra 3500,GMC,1FADP5AU2DL741546,Crimson,2010,66779,0,V8,797,43389135,3/26/2024
Pathfinder,Nissan,3GYFNAE38FS214217,Violet,2009,156532,1,V8,1074,68825837,9/14/2024
9000,Saab,JTDKDTB33F1835907,Blue,1997,189806,0,V6,1027,45913318,12/6/2023
V8 Vantage S,Aston Martin,1N6AD0CUXFN829643,Puce,2011,78660,1,V6,1248,74446343,12/1/2023
LTD Crown Victoria,Ford,JM3TB2BA8E0751256,Mauv,1985,190781,0,V8,578,45645164,8/17/2024
Roadmaster,Buick,WAUBNBFB6BN876945,Yellow,1994,12004,0,V12,1550,88781423,12/23/2023
Scirocco,Volkswagen,3D7LP2ET7AG565811,Crimson,1984,172248,1,Inline-4,1783,93473939,12/19/2023
XJ Series,Jaguar,3D7TT2CT0AG484082,Blue,1997,138846,1,Inline-4,1669,94057804,1/5/2024
Town Car,Lincoln,3D7TT2HTXBG231121,Teal,1993,115567,0,V12,618,9204583,2/3/2024
F250,Ford,5N1AN0NU1BC934392,Khaki,2009,176964,1,V8,502,80011127,1/22/2024
Accord,Honda,JTDKDTB36F1859411,Yellow,1990,139153,1,V12,864,91876519,8/21/2024
Sierra 3500,GMC,3D7TP2CT8BG530019,Maroon,2011,15135,0,Inline-4,534,80419860,10/19/2024
Prizm,Geo,5NPDH4AE0FH283099,Goldenrod,1996,105924,1,V12,996,2919574,6/3/2024
R8,Audi,1G6DU6EA9A0683296,Khaki,2011,142257,1,Inline-6,1528,97302207,3/4/2024
Viper,Dodge,2G4GK5EX3E9814650,Indigo,1999,6265,1,V8,1608,59550984,9/7/2024
Mustang,Ford,19UUA76657A882257,Orange,1990,47066,0,V6,628,17476148,1/15/2024
Santa Fe,Hyundai,WAUAFAFL0FA383111,Fuscia,2012,151210,0,V6,1743,8055280,6/2/2024
W201,Mercedes-Benz,JTHBL5EF2F5081636,Turquoise,1987,135682,0,V6,1256,55196411,1/24/2024
5 Series,BMW,JN1CV6EK7CM482008,Fuscia,2002,135251,1,Inline-6,1005,93576699,9/10/2024
M3,BMW,1G6AA5RXXD0487084,Fuscia,2012,81715,0,V6,1685,55705223,3/29/2024
Crown Victoria,Ford,WAUDF98E48A169848,Khaki,2004,123194,0,V12,1447,50451800,2/14/2024
Range Rover,Land Rover,WAUDF98EX8A313595,Puce,1987,145995,0,Inline-6,1229,25809064,2/25/2024
Caliber,Dodge,JHMFB4F23CS859143,Red,2008,16286,1,V8,1793,6648051,2/5/2024
Elise,Lotus,5N1AR1NB8AC931576,Turquoise,2009,122657,1,V12,1118,57546029,12/15/2023
Endeavor,Mitsubishi,WAUAC68D41A308092,Purple,2011,190185,0,V8,1210,7154190,7/10/2024
Ascender,Isuzu,1D7RW3GK6AS352798,Purple,2005,88060,0,V6,1535,85515030,7/28/2024
Mighty Max,Mitsubishi,WAULD64B62N235148,Red,1994,183415,1,Inline-6,1492,93837394,12/24/2023
Jimmy,GMC,WAUAF78E07A739009,Turquoise,1999,198567,1,V8,634,87157054,12/27/2023
Sebring,Chrysler,4A31K5DF6BE404045,Goldenrod,1996,195663,1,V8,666,99512915,5/19/2024
Freelander,Land Rover,1G6KD57926U526505,Orange,2010,169932,1,V8,1206,8141031,10/23/2024
S-Series,Saturn,WAUEH48H37K048720,Puce,1996,181988,0,Inline-6,1833,76253393,1/2/2024
Sentra,Nissan,1VWAP7A38EC529779,Maroon,1992,195417,1,V6,924,55109348,10/26/2024
Pajero,Mitsubishi,WAUAF68E05A490086,Red,1997,198836,1,V8,1517,79900849,8/26/2024
Sportage,Kia,5N1AN0NUXCN847564,Teal,2001,58053,1,V12,1223,29948798,8/8/2024
545,BMW,JH4NA12665S684119,Goldenrod,2004,33661,0,V8,1565,51984632,2/16/2024
Fiero,Pontiac,1FTSW3B51AE373695,Crimson,1984,135969,0,Inline-6,1349,65765354,6/24/2024
911,Porsche,5TDBKRFH1ES569531,Turquoise,2006,90766,0,Inline-4,935,42798869,3/8/2024
M3,BMW,2C3CCABG3DH984982,Teal,2009,166603,1,V6,1569,85697800,8/15/2024
Lumina,Chevrolet,2C3CCABG7CH685865,Indigo,2001,11403,0,Inline-4,569,86462465,5/24/2024
Lancer,Mitsubishi,1FMEU5DE9AU976701,Violet,2010,177850,1,V12,1625,89644477,5/9/2024
Escalade,Cadillac,3VW4T7AT0EM313139,Khaki,2002,65939,1,Inline-4,1752,80074797,4/15/2024
Navigator,Lincoln,1D7RW2GK8BS768248,Blue,2010,25703,1,Inline-4,956,57318345,1/4/2024
GTO,Mitsubishi,1GKS1AE08DR136578,Khaki,1992,132356,1,V12,1996,89640755,12/24/2023
Prius,Toyota,WBAUL7C5XAV632255,Indigo,2012,2519,1,V12,728,60011019,12/21/2023
Commander,Jeep,WAUAF98E35A248426,Blue,2010,99285,1,V6,1842,97118723,5/11/2024
VehiCROSS,Isuzu,YV1952AS0D1041632,Yellow,1999,121602,1,Inline-6,929,61246261,6/29/2024
Fit,Honda,WA1VMBFE7ED750739,Red,2007,61286,0,V12,1724,35017949,8/2/2024
Firefly,Pontiac,SAJWA4DC0FM392855,Orange,1988,39887,0,V12,1663,34854557,1/6/2024
Town Car,Lincoln,W04GU5GC4B1401056,Turquoise,1987,93120,1,V8,698,68802427,5/9/2024
Escape,Ford,JTHFE2C20B2520595,Red,2005,179724,0,V6,1387,5486046,5/16/2024
Esperante,Panoz,WDCGG5GB8CF416565,Turquoise,2006,26917,1,V8,669,44228295,6/16/2024
Corvette,Chevrolet,WBA3B5G53FN006325,Red,1968,7290,0,V12,1499,67729811,2/22/2024
Mystique,Mercury,WBABD33454P589151,Puce,1997,178275,0,V8,888,98142866,2/11/2024
Continental,Lincoln,JM1NC2LFXC0382003,Maroon,1992,7213,0,V6,1129,93682893,2/12/2024
645,BMW,JTHBL5EFXF1327064,Fuscia,2005,176821,0,V8,1923,18202916,2/3/2024
S40,Volvo,WAUFFBFL0DN918309,Indigo,2008,101684,0,Inline-4,1450,10689958,9/18/2024
Beretta,Chevrolet,1GD120EG2BF334739,Teal,1993,154151,1,Inline-6,647,11405318,9/8/2024
944,Porsche,3D7TT2HT9BG262280,Teal,1985,155970,0,V6,1109,10297813,10/12/2024
Blazer,Chevrolet,1G6DV8EP8D0424915,Indigo,1996,51001,1,V12,1476,97033278,10/24/2024
Laser,Plymouth,WBAVB13526K458694,Indigo,1993,165061,0,Inline-6,1139,63215064,9/24/2024
MPV,Mazda,2HKRM3H56FH187429,Indigo,1990,28122,1,V8,1955,19984002,5/14/2024
Spectra,Kia,3CZRE3H57BG566269,Aquamarine,2004,75194,1,V8,511,48545754,5/9/2024
IS F,Lexus,5UXZV4C52CL910287,Crimson,2011,149953,0,V12,1724,16845003,3/27/2024
Model S,Tesla,WBAYA8C52FD671058,Blue,2012,184288,0,V8,1920,50535299,12/11/2023
Sierra 1500,GMC,1D7RW3BK6BS640314,Orange,2002,28603,1,V12,1784,28953949,3/5/2024
Bonneville,Pontiac,WAUBF78E98A068915,Puce,2001,17773,1,V6,1435,48039310,5/23/2024
9-3,Saab,WAUAH94F87N833555,Turquoise,2001,180257,1,V12,1524,87505801,5/24/2024
Swift,Suzuki,3VWKX7AJ6DM183019,Maroon,1998,192432,0,V12,1417,29514510,5/30/2024
Viper RT/10,Dodge,WAUDFAFL9BN643599,Violet,1994,58661,0,V6,667,26403686,6/26/2024
Camaro,Chevrolet,WBAFR1C55BC772344,Mauv,1967,79117,1,V6,1072,33017907,12/4/2023
A3,Audi,3GYEK63N63G589933,Purple,2008,76587,0,V8,971,30358627,5/16/2024
Fox,Volkswagen,5GAKVDKD0DJ800915,Mauv,1990,35062,0,V6,1468,33699875,8/30/2024
Mustang,Ford,2C3CA5CG0BH242113,Yellow,2001,68244,1,V8,743,64476880,1/2/2024
5 Series,BMW,WBAEV33445K506351,Fuscia,1995,28919,1,V6,904,25233586,9/2/2024
EX,Infiniti,1C3ADEBZ2DV035525,Teal,2010,37866,1,Inline-6,1602,98676680,1/29/2024
Dakota,Dodge,3VW4S7AT5EM535016,Mauv,1997,8087,1,Inline-4,782,61205919,8/18/2024
Outback,Subaru,WBABN53412P006614,Red,2010,37672,1,V12,844,57930179,1/22/2024
B-Series Plus,Mazda,WP0AB2A95AS264148,Blue,1997,155010,0,V8,616,27890484,6/19/2024
Silverado 3500,Chevrolet,WAUNF98P58A711416,Teal,2006,158143,1,Inline-4,1006,71311910,1/13/2024
Tempest,Pontiac,3C6TD5KT2CG749637,Fuscia,1961,82515,0,V6,1260,51082407,6/29/2024
Tahoe,Chevrolet,4T1BF1FK2CU165515,Aquamarine,2001,120713,1,V8,1742,60481089,5/22/2024
M-Class,Mercedes-Benz,WBA3A9C57EK349624,Red,1999,172094,0,V12,1646,8886588,2/9/2024
Taurus,Ford,JH4DC538X5S634756,Pink,2011,24078,0,Inline-4,937,74149231,12/3/2023
Passat,Volkswagen,WA1EY74L68D196763,Turquoise,1990,110427,0,V6,905,91740008,4/2/2024
Amanti,Kia,SCBLC43F65C564160,Aquamarine,2005,73242,0,Inline-6,739,18417896,5/30/2024
911,Porsche,1GD11XEGXFF259306,Yellow,1987,176238,1,V12,550,43994923,5/19/2024
Roadmaster,Buick,WBA3A9C50EK606509,Khaki,1994,25682,1,Inline-4,1491,39876126,10/29/2024
Aerostar,Ford,KNDJN2A21E7458341,Purple,1990,35765,1,Inline-6,1207,72779228,8/28/2024
Pathfinder,Nissan,1ZVBP8AM6D5890465,Khaki,1996,53883,1,V12,1292,66024777,7/25/2024
Astro,Chevrolet,WAUKD78P87A955010,Puce,1999,163703,0,Inline-6,1791,8550507,7/27/2024
F450,Ford,19UUA56662A750797,Violet,2009,87600,0,Inline-6,1892,64950808,9/10/2024
Familia,Mazda,KMHEC4A41EA477202,Blue,1988,187037,1,Inline-4,1774,71727103,6/29/2024
RAV4,Toyota,3N1AB6AP0CL971104,Aquamarine,2001,92279,1,Inline-4,694,65321003,3/28/2024
Mazda6,Mazda,WAUEFBFL6DN253279,Pink,2004,108866,0,Inline-4,1096,49138598,10/5/2024
Avalon,Toyota,JN8AF5MV7FT426186,Crimson,2001,111815,0,V6,1599,13899263,10/26/2024
300SL,Mercedes-Benz,WVWAA7AH6AV387768,Purple,1993,27244,0,V8,1547,11610691,1/22/2024
A5,Audi,3GYEK62N04G805696,Violet,2011,68633,0,V8,777,46545127,12/27/2023
Sierra 2500,GMC,2LMHJ5AT6FB813145,Mauv,2002,7401,0,V8,1064,975738,11/5/2024
Starion,Mitsubishi,5TFBY5F12AX855340,Orange,1987,106027,0,V6,1424,26820175,11/12/2024
SL-Class,Mercedes-Benz,SAJWA4DC6EM957043,Purple,2002,39377,1,Inline-6,1343,40040859,6/4/2024
62,Maybach,1FAHP2DW4AG853525,Maroon,2009,69825,1,Inline-6,993,26206172,4/9/2024
V8 Vantage,Aston Martin,3C63DRBL3CG955265,Blue,2009,120888,0,V12,1582,449730,3/14/2024
NSX,Acura,JTDJTUD34ED698023,Fuscia,2004,12631,1,Inline-6,1673,86058375,3/18/2024
Vantage,Aston Martin,WBAUT9C57CA561831,Red,2010,10243,0,V12,945,59904209,5/24/2024
ES,Lexus,SCBBP9ZA2DC215343,Crimson,1990,78926,1,V12,1881,34056329,9/20/2024
A6,Audi,WP0AA2A96ES841066,Teal,2007,121877,0,V8,1405,68571604,10/27/2024
Ram Van B350,Dodge,KNAFU5A23D5043362,Yellow,1993,171860,0,Inline-4,511,5672988,3/21/2024
Passat,Volkswagen,JTEBU5JR2F5621948,Pink,1998,190635,1,V12,959,53228222,4/15/2024
Century,Buick,ZFF75VFA2F0752211,Green,1993,140798,1,Inline-4,1891,79000626,3/24/2024
Econoline E250,Ford,1GYS3GEF5DR050281,Teal,1995,140826,0,V8,853,85652343,1/1/2024
CTS,Cadillac,KL4CJHSB4DB174505,Purple,2010,27149,1,V8,1451,59768920,6/17/2024
Silverado 1500,Chevrolet,1N4AL3AP0DC123574,Crimson,2008,181160,0,Inline-4,1838,94418718,11/10/2024
Venture,Chevrolet,1GYS4RKJ7FR153495,Puce,1998,156319,1,V6,1204,8207263,7/26/2024
V8 Vantage,Aston Martin,2G4GS5ERXD9302996,Purple,2007,150989,0,V8,875,17071611,6/24/2024
Expedition,Ford,WBALW3C55CC751177,Teal,2010,177553,0,V8,1582,58206883,10/3/2024
Aerostar,Ford,WAU2GAFC9EN587043,Green,1989,136873,1,Inline-6,1232,98836267,6/12/2024
CLK-Class,Mercedes-Benz,4JGBB9FB2AA561811,Crimson,2003,33312,1,V8,1625,22912703,3/7/2024
MKS,Lincoln,WDDEJ7GB8AA604707,Indigo,2009,45385,0,Inline-4,766,68322278,4/3/2024
Challenger,Mitsubishi,1D7RE3BK8BS231430,Pink,1997,68896,1,Inline-4,1721,91469299,9/1/2024
Ram 1500,Dodge,3VWML7AJ5CM834885,Indigo,1997,75302,1,Inline-4,684,68848853,10/2/2024
CTS,Cadillac,1C4RDHAG7EC971461,Aquamarine,2003,123088,1,Inline-6,1672,62076670,2/5/2024
300SD,Mercedes-Benz,1GYFC562X9R946553,Pink,1992,96147,0,Inline-4,889,97092596,12/17/2023
Taurus,Ford,3D7TT2CT6BG484086,Indigo,2011,186964,1,V12,1651,38554370,10/28/2024
Outlander,Mitsubishi,JM1BL1H4XA1175168,Khaki,2004,87759,1,V12,1984,75793686,5/27/2024
Sequoia,Toyota,WVWAN7AN6EE335637,Crimson,2010,145621,0,V8,1402,14141484,3/24/2024
Lancer,Mitsubishi,5GAKVBED9CJ623733,Maroon,2003,1139,0,Inline-4,1606,9299851,8/17/2024
Karif,Maserati,3VW1K7AJXCM471814,Orange,1990,7387,0,V8,1110,37417559,2/12/2024
57,Maybach,2C3CDXHG3DH500817,Violet,2008,48282,0,Inline-6,626,99725740,5/11/2024
Dakota,Dodge,JN8AE2KP4E9834033,Khaki,2002,498,0,Inline-4,667,55567411,1/20/2024
Country,Ford,1N6AD0CU6AC736123,Yellow,1967,191952,0,V8,1615,89686502,3/20/2024
Mountaineer,Mercury,YV4852CZ5A1460483,Crimson,2007,79154,0,Inline-4,1142,54259174,3/18/2024
RL,Acura,WBAGL63472D552059,Teal,2012,169791,1,V12,1765,53782481,6/8/2024
Grand Vitara,Suzuki,WA1EV74L27D555453,Orange,2009,65239,1,V12,1774,18123076,9/5/2024
3500,GMC,WVGEP9BP3FD096039,Green,1997,93225,1,V6,1117,8514759,3/21/2024
Ranger,Ford,WDDGF4HB4CF278241,Pink,1991,197933,0,V12,1305,89241959,8/22/2024
Festiva,Ford,KMHDB8AE0AU786697,Teal,1993,10077,0,V12,1943,76390215,8/8/2024
Cutlass Supreme,Oldsmobile,JHMGE8G3XBS766807,Khaki,1993,134583,1,Inline-4,1007,71087788,12/15/2023
Z4,BMW,1G4HE5EM1AU796647,Puce,2008,139154,0,V6,1666,93951103,12/10/2023
Range Rover,Land Rover,2G4WS52J441853532,Mauv,1990,95527,0,V8,1920,43964707,3/26/2024
Golf,Volkswagen,WBSWL93519P394909,Aquamarine,2000,48813,1,Inline-6,584,83224186,8/23/2024
Corvette,Chevrolet,1G6DH5E53C0106610,Khaki,2000,94867,1,V6,791,27597274,8/30/2024
Avalon,Toyota,4T1BF1FK0EU336216,Violet,2009,3850,1,V8,1875,5537748,5/3/2024
Wrangler,Jeep,1FTEX1C85AF952707,Fuscia,1992,22351,1,Inline-4,1323,20937609,12/23/2023
Camry Solara,Toyota,JM3KE2BE2F0475843,Aquamarine,2007,196091,1,V6,880,49560050,9/17/2024
Touareg 2,Volkswagen,WAUJC68E82A324886,Maroon,2008,35842,0,V6,1368,24033405,1/3/2024
MX-6,Mazda,3VWC17AU0FM758055,Aquamarine,1995,136731,1,Inline-6,1711,24964381,1/31/2024
S-Class,Mercedes-Benz,4JGDF2EE4EA157561,Aquamarine,1985,197111,1,Inline-6,1944,49058752,5/24/2024
SC,Lexus,WBAAW33451E569401,Mauv,1992,179028,0,V8,557,46897949,4/27/2024
Riviera,Buick,2FMDK3AK6BB958471,Teal,1996,953,0,Inline-4,849,92551616,11/11/2024
Rally Wagon 2500,GMC,1G6DA1E36E0913542,Turquoise,1994,46416,0,V12,1486,87818831,4/17/2024
xB,Scion,1GYFK53269R038284,Teal,2011,80483,0,V6,1403,81918842,9/26/2024
Rally Wagon G3500,GMC,SCFFBCCD6AG657027,Fuscia,1996,174586,1,V8,1989,67307745,11/19/2023
Savana 3500,GMC,SCFFDCCD6AG152292,Blue,2009,92009,1,V8,1563,78984906,9/5/2024
B-Series Plus,Mazda,SAJWA4DB2EL272986,Pink,1993,107130,1,Inline-4,995,60549833,2/29/2024
Concorde,Chrysler,WBAPH7C54BA355903,Khaki,2004,133613,1,V8,854,16201576,11/22/2023
Range Rover,Land Rover,JTDKN3DP7D3981029,Violet,2010,111914,0,Inline-4,1700,55167552,12/17/2023
C70,Volvo,W04GN5ECXB1921505,Purple,2006,187709,1,V8,1332,48568021,10/5/2024
Eclipse,Mitsubishi,KMHHT6KD9EU862951,Purple,1996,24406,0,V8,568,53966297,11/4/2024
Yukon XL 2500,GMC,WVWGD7AJ0EW005271,Violet,2002,22902,0,Inline-4,1776,32690962,5/10/2024
300D,Mercedes-Benz,YV426MDA9F2478848,Indigo,1992,129165,1,V12,741,33123537,3/14/2024
S-Class,Mercedes-Benz,WVGAV7AX2CW228363,Red,1984,175435,0,V8,1349,50888471,10/29/2024
Maxima,Nissan,YV4940BZ7D1760737,Teal,2001,104812,0,Inline-4,1013,98490009,3/2/2024
Celica,Toyota,WBAKG1C50CE081913,Red,1983,60742,1,V6,1655,12222409,8/7/2024
Sentra,Nissan,2D4RN3D19AR996602,Teal,1993,38670,0,Inline-4,1606,88423155,4/12/2024
Terrain,GMC,NM0AE8F71E1721998,Green,2011,94012,0,V6,1960,9265312,3/24/2024
G-Class,Mercedes-Benz,5N1AT2ML5FC241597,Blue,2006,57181,1,Inline-6,1202,82256310,11/19/2023
Grand Marquis,Mercury,WA1WYAFE3AD696921,Goldenrod,1989,82924,1,Inline-4,997,34465908,8/13/2024
Exige,Lotus,WBAHN03567D365052,Mauv,2010,140317,1,V8,1793,70012939,9/13/2024
F250,Ford,WA1WGAFP4EA576394,Mauv,1992,158530,1,V12,1021,1888898,4/1/2024
Taurus,Ford,WDDHF2EB5DA465306,Violet,2004,133546,0,V6,711,44269004,5/1/2024
NSX,Acura,5UXFF035X9L449292,Crimson,1995,111630,1,V8,557,3090358,6/17/2024
M5,BMW,JN1AV7APXFM086710,Pink,2002,44926,1,V8,1376,96350051,10/31/2024
940,Volvo,1C4NJCBA3ED447075,Aquamarine,1994,158948,1,Inline-6,1255,12283083,10/28/2024
Discovery,Land Rover,4A31K3DT1CE376554,Yellow,2001,105706,0,Inline-6,1491,50395278,10/29/2024
1500,GMC,19UUA66236A116887,Goldenrod,1992,182371,0,V8,603,46767263,5/17/2024
Q,Infiniti,WA1LGAFE9ED425244,Green,1998,103832,0,V6,1584,23826479,12/3/2023
924 S,Porsche,1FTWW3DY4AE635685,Violet,1987,182123,0,V8,945,63524861,9/16/2024
Camry Hybrid,Toyota,5NPDH4AE1BH456591,Crimson,2011,33210,1,Inline-4,1240,54044804,11/29/2023
Silverado 3500,Chevrolet,1G6DF5E56D0871575,Fuscia,2012,37798,0,Inline-6,1629,85173702,10/15/2024
Savana,GMC,2G4GP5EC3B9545043,Pink,2006,85944,0,V12,1198,59338013,5/5/2024
LS,Lexus,WAUHMAFC1EN530970,Puce,1995,6123,0,Inline-6,1978,36030832,4/16/2024
Mustang,Ford,JM1CW2BL3E0369943,Teal,2001,92744,0,Inline-4,691,99443766,3/8/2024
Aerio,Suzuki,3VW4T7AT9DM560142,Puce,2002,169262,0,Inline-4,1062,79535290,8/30/2024
Sebring,Chrysler,SCBGH3ZA3FC913172,Fuscia,1999,28790,0,V12,801,18146502,2/13/2024
Jetta,Volkswagen,WAULC68E23A543689,Aquamarine,1994,154285,1,V8,1092,31759594,7/12/2024
Monte Carlo,Chevrolet,5N1AR2MM6DC814351,Green,2000,192265,0,Inline-4,1473,11986221,8/27/2024
Mustang,Ford,3G5DB03E32S150013,Khaki,1983,11809,0,V8,997,88490276,8/10/2024
XG350,Hyundai,WBAFR9C50BD603860,Orange,2004,187160,1,V6,1314,51245401,12/27/2023
Trans Sport,Pontiac,WVWGU7AN5BE498272,Crimson,1999,132119,1,V8,1750,33914298,7/3/2024
Century,Buick,WAUSH78E18A374694,Orange,1994,3879,1,Inline-4,1069,49730285,12/11/2023
Sonoma,GMC,WAUNF78P36A236740,Turquoise,1995,28540,0,V12,685,85869802,4/14/2024
Colorado,Chevrolet,KMHEC4A42FA915064,Purple,2008,28998,1,V6,1125,64413845,7/20/2024
Compass,Jeep,3FAHP0CG5AR730209,Teal,2011,164086,1,Inline-6,1895,34484071,5/11/2024
Malibu,Chevrolet,1FTEW1E87AF477870,Khaki,2007,125506,1,V6,695,52521660,7/1/2024
Z4 M,BMW,JH4DC548X2C169920,Mauv,2007,109306,1,V12,896,68204303,11/13/2024
Marquis,Mercury,1N6AD0CW0EN471789,Orange,1984,153832,0,V6,571,30722656,5/26/2024
Yukon XL 1500,GMC,WBAUC9C57CV694260,Puce,2002,143338,0,V6,1713,9628137,11/23/2023
Civic Si,Honda,WVGAV7AX3FW682965,Yellow,2006,22007,0,V6,1381,48817565,9/22/2024
626,Mazda,1C4RDHDG4CC819937,Puce,1994,187854,1,V8,808,52565153,5/2/2024
LR2,Land Rover,WAUXD68D32A795262,Crimson,2011,158569,0,V12,1640,97332424,10/28/2024
Mulsanne,Bentley,WBANW53559C443956,Orange,2011,17079,0,V6,515,62719939,7/5/2024
S10,Chevrolet,1GKMCCE3XAR570764,Fuscia,1995,1061,1,Inline-4,501,26723691,4/20/2024
Grand Prix,Pontiac,WBAYB6C55FD548842,Crimson,2000,83052,0,V12,1211,77182935,10/4/2024
3500,GMC,WA1YL64B05N312316,Goldenrod,1999,102567,1,Inline-4,1036,2219270,10/17/2024
C8 Spyder,Spyker,WBA3B5C55FF810254,Goldenrod,2004,152898,1,Inline-4,1265,52692176,7/16/2024
Crown Victoria,Ford,3VW4A7AT4CM784603,Aquamarine,1995,119536,0,Inline-4,1913,62273740,6/25/2024
MR2,Toyota,5UMCL93472L371550,Green,2003,192483,1,Inline-4,1441,55123555,11/23/2023
Charger,Dodge,JN1AZ4EH5FM764737,Purple,2006,112875,0,Inline-4,820,33670167,10/15/2024
Avalon,Toyota,1D7RW3GK0AS435689,Goldenrod,1995,40583,0,Inline-4,1012,26664393,5/31/2024
Sprinter 2500,Mercedes-Benz,SCBLC37FX6C956208,Fuscia,2012,1582,0,Inline-6,1053,13541403,5/30/2024
Camry,Toyota,1N4AB7AP2EN876233,Crimson,1995,122163,0,V6,553,49554369,1/16/2024
Legacy,Subaru,5NPDH4AE7EH995625,Khaki,2003,140581,1,Inline-6,1427,56868051,7/26/2024
Equus,Hyundai,2HNYD18866H319120,Aquamarine,2012,172198,0,Inline-6,950,30944844,12/11/2023
Continental,Lincoln,1N6AF0LX5FN196019,Fuscia,1990,38495,0,V6,1371,92961231,10/2/2024
Insight,Honda,JH4CU2E67AC937582,Purple,2001,193535,0,V12,525,49923721,7/18/2024
Sonata,Hyundai,2G4WS55J431851466,Khaki,1999,161053,1,Inline-6,1834,33311145,1/12/2024
Capri,Mercury,3D7TT2CT6BG005701,Red,1992,70397,1,V8,827,24369148,5/15/2024
57,Maybach,3C4PDCDG6ET245990,Violet,2009,165293,1,V6,1935,98671931,6/19/2024
Celica,Toyota,WAUAF78E05A778325,Indigo,2000,197042,0,V6,894,65908915,1/22/2024
Concorde,Chrysler,5N1BA0ND9FN301522,Pink,2001,71926,1,V12,506,62306276,2/3/2024
FF,Ferrari,1FTFW1E81AF259444,Indigo,2012,40430,1,V6,737,27442970,11/16/2023
Camaro,Chevrolet,1C6RD6FPXCS626870,Orange,2012,157221,0,V8,1235,11029216,12/12/2023
Celica,Toyota,1B3CB2HA0AD509999,Violet,1978,110064,1,Inline-6,1229,43069680,6/12/2024
Expedition,Ford,WAUPFAFM2CA426412,Blue,1999,41003,1,Inline-6,1380,16064309,8/16/2024
Equus,Hyundai,JTDKN3DU4A0394502,Goldenrod,2012,24633,1,Inline-6,879,58248006,11/22/2023
Club Wagon,Ford,1FTMF1EW3AF952800,Yellow,1996,24940,0,Inline-6,981,3177382,8/12/2024
Sunbird,Pontiac,WAUAFAFH6CN071732,Fuscia,1990,5119,0,V8,1807,71026222,7/28/2024
Amanti,Kia,5UMBT93537L019920,Khaki,2005,44637,1,Inline-4,1063,32299403,5/30/2024
RL,Acura,WBADT53462C421255,Turquoise,2006,132142,0,V8,1087,73724565,1/2/2024
Civic,Honda,WAUNF98P38A582480,Red,2002,152098,1,V8,1372,21964306,4/4/2024
DeVille,Cadillac,JM1NC2LF7F0472908,Teal,1995,156902,0,V8,1829,57345942,12/28/2023
M Roadster,BMW,2G4WB52K441038708,Teal,2007,21557,0,V8,597,99099066,9/23/2024
Mark VII,Lincoln,1GYS4BEF3BR011850,Pink,1992,171026,0,V8,1161,69967195,7/24/2024
New Beetle,Volkswagen,5N1AN0NU4CN782579,Turquoise,2007,46255,1,Inline-6,625,91225079,3/13/2024
Sonoma,GMC,3C63DRBL8CG523643,Turquoise,1999,64824,1,V6,1405,15092756,9/8/2024
Legacy,Subaru,SCFBB04B47G207489,Turquoise,1989,28963,0,Inline-4,1351,79604327,1/2/2024
Park Avenue,Buick,WAUKF68E95A608978,Puce,1993,190783,1,Inline-6,1870,1975363,4/15/2024
Expedition EL,Ford,WAUGL98E36A706616,Aquamarine,2008,92998,0,V12,1887,34971990,9/15/2024
Z4,BMW,2T1BURHE3FC351744,Fuscia,2005,126071,0,Inline-4,1710,14071043,7/6/2024
Challenger,Mitsubishi,KMHTC6AD7CU980439,Orange,2002,30635,1,V8,1163,60894163,1/17/2024
STS,Cadillac,2C3CDXGJ5FH405028,Turquoise,2005,36032,0,V8,1077,82114784,11/12/2024
5 Series,BMW,WA1AV74L37D927817,Maroon,2006,101069,0,Inline-4,1625,28462165,8/11/2024
Optima,Kia,WAULT64B12N227848,Turquoise,2008,453,1,Inline-4,926,75501477,5/9/2024
Excursion,Ford,2C3CDXBGXEH563102,Turquoise,2005,81296,0,Inline-6,741,50904553,5/12/2024
Odyssey,Honda,WAULT58E22A526836,Goldenrod,1999,15645,0,Inline-4,574,94579443,4/21/2024
Ranger,Ford,3VW1K7AJ8CM112459,Pink,2006,80200,1,Inline-4,1941,71798245,4/25/2024
G-Class,Mercedes-Benz,JHMZF1C41DS196940,Purple,2005,65906,0,Inline-4,1269,74520576,5/17/2024
SVX,Subaru,YV1902MM7F1800999,Yellow,1994,176792,0,V6,1186,15235691,4/22/2024
Century,Buick,3D73Y4CL4BG974264,Purple,2001,27304,0,Inline-4,1939,71767290,4/17/2024
Camry Solara,Toyota,WAULT54B53N737230,Goldenrod,2007,32031,0,V8,1509,18813515,3/22/2024
Astro,Chevrolet,WAUGFBFC9EN734041,Green,2004,191302,0,V12,1249,75143981,2/24/2024
B-Series,Mazda,WBAKN9C51FD771328,Teal,1999,140295,0,Inline-6,905,20225422,11/29/2023
RX,Lexus,WVGAV7AXXAW706302,Crimson,2002,167506,0,Inline-4,1121,57089181,4/29/2024
Impreza,Subaru,1D4PU5GK6AW735977,Goldenrod,1998,83082,0,V8,1634,14678843,11/11/2024
Suburban 1500,Chevrolet,JTEBU4BF4DK694154,Teal,1997,137635,1,V8,1778,99736944,12/2/2023
Model S,Tesla,3GYFNCEY3BS419154,Fuscia,2012,117790,1,V8,1432,13850805,9/18/2024
B-Series,Mazda,WBALL5C54FP788304,Purple,2002,25177,1,V8,1895,9872176,12/13/2023
Amanti,Kia,5FRYD4H43FB960993,Purple,2008,99342,1,Inline-4,1620,66916520,11/21/2023
XT,Subaru,4USBU53578L647792,Pink,1991,161771,1,V8,877,36503132,3/22/2024
Pajero,Mitsubishi,3D73M4HL3BG515750,Orange,1986,31206,1,Inline-4,919,75980879,12/4/2023
Tracer,Mercury,WBAVC53598A986455,Orange,1998,110473,1,Inline-6,815,95501174,3/16/2024
207,Peugeot,JN8AF5MR9ET076738,Pink,2006,46073,0,Inline-4,1301,25195322,2/1/2024
Venture,Chevrolet,1G6AK5SX3E0323667,Orange,2004,98038,0,V8,1765,21021873,11/9/2024
Outlander Sport,Mitsubishi,1G6DL8ED5B0215074,Blue,2011,152355,1,V12,1787,34202772,7/13/2024
Quattroporte,Maserati,3D73Y3HL0BG280206,Yellow,2010,188016,0,Inline-4,1339,41974562,7/6/2024
Malibu,Chevrolet,JN1CV6FEXFM230685,Green,2010,53350,0,V12,1864,89514640,11/9/2024
X5,BMW,1GYS4DEF1CR405683,Aquamarine,2002,89608,1,Inline-4,1061,53410813,10/21/2024
Escort,Ford,3C4PDCBB3DT495595,Puce,1991,156002,1,V12,1968,98527099,5/20/2024
Galant,Mitsubishi,WAULC58E45A484531,Yellow,2010,138756,0,V6,1958,36436084,10/15/2024
GX,Lexus,WBAKF9C59DE168096,Khaki,2007,138387,1,V12,1155,63311327,11/15/2023
W201,Mercedes-Benz,SCBDC3ZAXDC795975,Maroon,1990,5310,1,Inline-6,1322,51234917,10/22/2024
Town Car,Lincoln,KM8NU4CC6BU124613,Maroon,1991,45735,1,Inline-4,1520,19218568,3/8/2024
S60,Volvo,WBADN53413G762633,Green,2008,149469,0,V6,1406,13389267,7/27/2024
Pajero,Mitsubishi,WAUDF48H28K190155,Maroon,1984,99084,1,V8,779,40036639,6/14/2024
G,Infiniti,19UUA65545A315151,Purple,2011,107866,1,Inline-4,1810,10599993,12/28/2023
Sable,Mercury,JTEBU5JR3A5348916,Yellow,1990,195099,1,Inline-6,609,16305758,12/10/2023
Cougar,Mercury,5TDDK3DC3FS211412,Turquoise,1987,155267,0,V6,527,33626724,3/30/2024
Accent,Hyundai,WAUGL98E15A238223,Violet,2013,176166,0,Inline-6,1968,12409240,11/21/2023
5 Series,BMW,5GADT13S972558537,Puce,2005,18876,0,Inline-4,852,96154655,7/5/2024
Amanti,Kia,WA1AY74L97D891221,Fuscia,2009,43407,1,V8,1484,52034337,3/23/2024
Vibe,Pontiac,WA1WMBFE9AD118355,Crimson,2008,35597,0,Inline-6,861,593221,8/23/2024
SC,Lexus,1G6DA5EG4A0747462,Turquoise,1997,155847,0,V12,1383,45413893,10/16/2024
Laser,Plymouth,WAUMFAFL1BN314136,Indigo,1990,131960,1,V12,928,18306391,12/24/2023
Cruze,Chevrolet,2G4GZ5GV6B9865160,Mauv,2011,182221,0,V12,581,60765852,9/15/2024
TundraMax,Toyota,5LMJJ2H57AE991949,Crimson,2012,192878,0,V8,516,43774826,8/21/2024
Tribute,Mazda,JN8AZ2KR9CT441957,Teal,2010,62971,1,V12,1280,26208480,12/17/2023
GLC,Mazda,19VDE1F52FE915825,Aquamarine,1984,41086,1,V6,1874,48687900,3/5/2024
612 Scaglietti,Ferrari,WAUYGAFC2DN908378,Teal,2010,80730,0,Inline-6,827,73224136,4/30/2024
Corvette,Chevrolet,WBADW3C51CE324586,Maroon,1972,103647,0,Inline-6,1730,55715591,12/22/2023
MX-6,Mazda,3VW1K7AJ5CM986378,Crimson,1993,71093,1,V8,1996,41143556,6/6/2024
Explorer,Ford,JTHBB1BA4B2659624,Purple,1993,93900,1,Inline-6,1550,5698448,10/16/2024
3 Series,BMW,VNKJTUD31FA295708,Violet,1995,35764,0,Inline-4,968,12404486,9/21/2024
Astro,Chevrolet,2T2BK1BA4FC465969,Green,2000,19317,1,V8,1347,24137505,7/21/2024
Impala SS,Chevrolet,WBAKP9C57ED466263,Fuscia,1995,109190,1,Inline-4,1075,82301940,6/26/2024
Eclipse,Mitsubishi,1FTEX1C8XAK332717,Fuscia,2008,175399,0,V6,542,85508005,5/16/2024
Hombre Space,Isuzu,JN8AS5MT0AW909536,Goldenrod,1998,27002,0,V6,1321,55850981,11/10/2024
Camry,Toyota,2T3BFREV2EW177653,Orange,2003,186434,0,Inline-4,1539,61265277,1/7/2024
Cougar,Mercury,WBAFR9C51DD930982,Turquoise,1969,68075,0,V8,842,78108616,9/14/2024
XJ Series,Jaguar,WAUJT54B03N718057,Maroon,1993,78513,0,V8,1388,84002994,9/19/2024
Cherokee,Jeep,WAUSH94F08N369456,Blue,1998,68320,0,V8,1192,50963275,12/4/2023
Solara,Toyota,2T2BK1BA4DC317723,Goldenrod,2006,192318,1,V6,1358,84525636,8/12/2024
Town & Country,Chrysler,JA32X2HU4DU105998,Khaki,2004,17410,0,V8,1872,5049182,4/8/2024
ZDX,Acura,2HNYD187X6H503418,Green,2011,71125,1,Inline-4,888,8540685,2/1/2024
Mazda6,Mazda,WDDGF4HBXEA942915,Indigo,2007,192102,0,Inline-4,1336,15087846,10/6/2024
LX,Lexus,3D7LT2ET3AG462722,Crimson,1998,53597,1,V12,1843,84470690,11/12/2024
Nubira,Daewoo,TRURD38J681066011,Red,2000,61915,1,V12,1127,74611203,6/8/2024
300SE,Mercedes-Benz,5N1CR2MN6EC396313,Pink,1992,151212,0,V6,1911,86199350,6/13/2024
Land Cruiser,Toyota,5GALRAED7AJ268464,Orange,2013,152028,1,V8,1394,22791774,10/23/2024
PT Cruiser,Chrysler,WA1C8AFP8EA595353,Purple,2006,85868,0,Inline-4,928,94680692,2/7/2024
XC70,Volvo,WBAVB73557F800443,Red,2012,106630,1,V6,1559,38377278,6/10/2024
Spyder,Maserati,1FT7W2A66EE508251,Purple,1990,161079,1,V8,1992,76910111,12/3/2023
Sidekick,Suzuki,1GYS4EEJ3BR768947,Blue,1992,46086,0,V12,1135,42289616,4/17/2024
Grand Cherokee,Jeep,YV1672MC8AJ050902,Blue,2006,193651,1,Inline-6,853,11733063,4/7/2024
Suburban 2500,Chevrolet,WAUXL68E55A397745,Turquoise,1995,114109,1,V8,1379,90629668,9/16/2024
A6,Audi,WBADR63403G598088,Goldenrod,2000,190721,0,Inline-6,959,34950782,2/3/2024
XC70,Volvo,1N6AA0EC1DN906586,Pink,2012,61533,0,Inline-6,1995,43627101,4/10/2024
Sierra 2500,GMC,WAUKG98E56A327891,Blue,1999,197689,1,Inline-4,1844,29338939,6/1/2024
Mustang,Ford,1C3CCBCG9DN214944,Crimson,2010,146277,1,V6,1777,77551129,9/9/2024
Samurai,Suzuki,KM8NU4CCXBU298152,Fuscia,1993,89624,1,V8,1760,22400525,11/24/2023
Talon,Eagle,19UUA56621A150633,Turquoise,1995,183643,1,V8,1796,40735977,9/26/2024
TrailBlazer,Chevrolet,19UUA66227A487038,Teal,2002,141558,1,V6,1723,37296330,3/2/2024
Rio,Kia,JN8AF5MR3CT450578,Khaki,2004,27733,0,Inline-6,1144,84504794,11/16/2023
Boxster,Porsche,KL4CJFSB3EB107304,Turquoise,2013,116441,0,Inline-6,888,51678063,8/19/2024
Sorento,Kia,WAURD68D42A041456,Fuscia,2008,14101,1,V8,1344,66696595,7/25/2024
F350,Ford,3D73Y3CL8AG572143,Orange,1999,52870,1,V8,832,41660428,10/3/2024
FR-S,Scion,1G6AV5S88F0546692,Turquoise,2013,16500,0,V12,1457,42973012,8/20/2024
GTO,Pontiac,1G6DH5EG2A0064168,Aquamarine,1969,70481,0,V12,1445,22141989,12/21/2023
Rainier,Buick,WAUUL78E25A040208,Crimson,2005,144054,1,V8,972,72845157,6/27/2024
Supra,Toyota,2G4WY55J411806488,Violet,1996,147517,0,V8,1342,16390602,2/3/2024
2500,GMC,1N6AD0CU2EN654495,Red,1992,33681,1,Inline-6,972,25682406,9/15/2024
300M,Chrysler,WAUAFAFL9AA888833,Purple,2000,84765,1,V8,1835,97088826,9/29/2024
L300,Mitsubishi,5TDBY5G17FS131171,Yellow,1990,121002,1,Inline-4,529,17246080,1/22/2024
Alero,Oldsmobile,2G4WF551621961616,Green,2000,64873,1,Inline-6,1638,54218296,3/7/2024
Fortwo,Smart,WA1WGBFP5EA688420,Crimson,2010,50843,0,V12,942,41658100,4/16/2024
Venza,Toyota,WBAKF5C57DE480149,Red,2011,111553,1,V12,699,29963681,6/5/2024
GS,Lexus,WAUEFBFL4BN008994,Goldenrod,2008,180052,1,V8,963,21628714,3/6/2024
Corvette,Chevrolet,WBAUC9C55DV451161,Turquoise,1958,110831,0,V6,1037,68302876,2/2/2024
Integra,Acura,JTHBB1BA3A2106963,Fuscia,2000,145355,1,V6,1098,60390608,4/8/2024
Range Rover Sport,Land Rover,1VWAH7A36CC835907,Puce,2010,44493,1,V8,1426,80354996,7/16/2024
S-Class,Mercedes-Benz,JN1AZ4FH4FM800187,Purple,1996,138682,1,Inline-4,1041,63381899,8/1/2024
Pacifica,Chrysler,3N1CN7AP5EK921636,Green,2004,79316,1,V6,1504,77629446,9/16/2024
MX-5,Mazda,WBADN63492G583762,Orange,1994,138107,0,V8,620,51557292,11/29/2023
Civic GX,Honda,WVWAA7AHXBV990594,Teal,2003,111392,1,V12,1532,39878923,6/1/2024
Compass,Jeep,WAUCFAFH1AN224233,Khaki,2010,62492,0,V12,520,88028308,9/26/2024
STS,Cadillac,1G6DS8E3XD0146699,Fuscia,2005,72549,1,V6,1456,52773839,3/12/2024
GS,Lexus,WVWED7AJXBW567732,Blue,1998,42259,1,Inline-4,1086,25730060,6/5/2024
Sentra,Nissan,1GYS4UKJ2FR673767,Indigo,1993,193393,0,V12,1047,83785076,2/13/2024
Traverse,Chevrolet,2G4WB52K931160981,Maroon,2010,4636,0,V12,1637,43687965,1/10/2024
GL-Class,Mercedes-Benz,4A31K2DF7AE235974,Red,2012,78430,1,V8,1540,15159124,4/17/2024
Mazda3,Mazda,JTDKN3DU9F0779397,Mauv,2012,63849,1,Inline-6,1562,10702676,8/5/2024
Grand Am,Pontiac,KMHTC6AD6DU046855,Aquamarine,1990,182688,0,Inline-4,971,61565147,11/30/2023
F350,Ford,1FTMF1EW1AF542240,Orange,2012,50451,1,Inline-4,1326,45871517,4/15/2024
Continental Flying Spur,Bentley,JH4CU2E61BC755491,Turquoise,2011,121457,1,Inline-4,1395,80730284,2/8/2024
Navigator,Lincoln,WAUDF78EX6A802256,Purple,2005,31608,1,V6,960,34224885,10/26/2024
